生成启动时间为 2026/7/13 2:57:19。
     1>节点 1 上的项目“D:\Users\Ye_Luo\AppData\Local\Context\ContextCore.sln”(默认目标)。
     1>ValidateSolutionConfiguration:
         正在生成解决方案配置“Debug|Any CPU”。
     1>项目“D:\Users\Ye_Luo\AppData\Local\Context\ContextCore.sln”(1)正在节点 1 上生成“D:\Users\Ye_Luo\AppData\Local\Context\src\ContextCore.Abstractions\ContextCore.Abstractions.csproj”(17) (默认目标)。
    17>GenerateTargetFrameworkMonikerAttribute:
       正在跳过目标“GenerateTargetFrameworkMonikerAttribute”，因为所有输出文件相对于输入文件而言都是最新的。
       CoreGenerateAssemblyInfo:
       正在跳过目标“CoreGenerateAssemblyInfo”，因为所有输出文件相对于输入文件而言都是最新的。
       _GenerateSourceLinkFile:
         Source Link 文件 "obj\Debug\net10.0\ContextCore.Abstractions.sourcelink.json" 是最新的。
       CoreCompile:
       正在跳过目标“CoreCompile”，因为所有输出文件相对于输入文件而言都是最新的。
       GenerateBuildDependencyFile:
       正在跳过目标“GenerateBuildDependencyFile”，因为所有输出文件相对于输入文件而言都是最新的。
       CopyFilesToOutputDirectory:
         ContextCore.Abstractions -> D:\Users\Ye_Luo\AppData\Local\Context\src\ContextCore.Abstractions\bin\Debug\net10.0\ContextCore.Abstractions.dll
    17>已完成生成项目“D:\Users\Ye_Luo\AppData\Local\Context\src\ContextCore.Abstractions\ContextCore.Abstractions.csproj”(默认目标)的操作。
     1>项目“D:\Users\Ye_Luo\AppData\Local\Context\ContextCore.sln”(1)正在节点 10 上生成“D:\Users\Ye_Luo\AppData\Local\Context\src\ContextCore.Embedding\ContextCore.Embedding.csproj”(12) (默认目标)。
    12>GenerateTargetFrameworkMonikerAttribute:
       正在跳过目标“GenerateTargetFrameworkMonikerAttribute”，因为所有输出文件相对于输入文件而言都是最新的。
       CoreGenerateAssemblyInfo:
       正在跳过目标“CoreGenerateAssemblyInfo”，因为所有输出文件相对于输入文件而言都是最新的。
       _GenerateSourceLinkFile:
         Source Link 文件 "obj\Debug\net10.0\ContextCore.Embedding.sourcelink.json" 是最新的。
       CoreCompile:
       正在跳过目标“CoreCompile”，因为所有输出文件相对于输入文件而言都是最新的。
     1>项目“D:\Users\Ye_Luo\AppData\Local\Context\ContextCore.sln”(1)正在节点 2 上生成“D:\Users\Ye_Luo\AppData\Local\Context\src\ContextCore.ModelGateway\ContextCore.ModelGateway.csproj”(4) (默认目标)。
     4>GenerateTargetFrameworkMonikerAttribute:
       正在跳过目标“GenerateTargetFrameworkMonikerAttribute”，因为所有输出文件相对于输入文件而言都是最新的。
     1>项目“D:\Users\Ye_Luo\AppData\Local\Context\ContextCore.sln”(1)正在节点 8 上生成“D:\Users\Ye_Luo\AppData\Local\Context\src\ContextCore.Client\ContextCore.Client.csproj”(7) (默认目标)。
     7>GenerateTargetFrameworkMonikerAttribute:
       正在跳过目标“GenerateTargetFrameworkMonikerAttribute”，因为所有输出文件相对于输入文件而言都是最新的。
     4>CoreGenerateAssemblyInfo:
       正在跳过目标“CoreGenerateAssemblyInfo”，因为所有输出文件相对于输入文件而言都是最新的。
     7>CoreGenerateAssemblyInfo:
       正在跳过目标“CoreGenerateAssemblyInfo”，因为所有输出文件相对于输入文件而言都是最新的。
     4>_GenerateSourceLinkFile:
         Source Link 文件 "obj\Debug\net10.0\ContextCore.ModelGateway.sourcelink.json" 是最新的。
       CoreCompile:
       正在跳过目标“CoreCompile”，因为所有输出文件相对于输入文件而言都是最新的。
     7>_GenerateSourceLinkFile:
         Source Link 文件 "obj\Debug\net10.0\ContextCore.Client.sourcelink.json" 是最新的。
       CoreCompile:
       正在跳过目标“CoreCompile”，因为所有输出文件相对于输入文件而言都是最新的。
     1>项目“D:\Users\Ye_Luo\AppData\Local\Context\ContextCore.sln”(1)正在节点 11 上生成“D:\Users\Ye_Luo\AppData\Local\Context\src\ContextCore.Storage.Shared\ContextCore.Storage.Shared.csproj”(2) (默认目标)。
     2>GenerateTargetFrameworkMonikerAttribute:
       正在跳过目标“GenerateTargetFrameworkMonikerAttribute”，因为所有输出文件相对于输入文件而言都是最新的。
    12>GenerateBuildDependencyFile:
       正在跳过目标“GenerateBuildDependencyFile”，因为所有输出文件相对于输入文件而言都是最新的。
     2>CoreGenerateAssemblyInfo:
       正在跳过目标“CoreGenerateAssemblyInfo”，因为所有输出文件相对于输入文件而言都是最新的。
    12>CopyFilesToOutputDirectory:
         ContextCore.Embedding -> D:\Users\Ye_Luo\AppData\Local\Context\src\ContextCore.Embedding\bin\Debug\net10.0\ContextCore.Embedding.dll
     7>GenerateBuildDependencyFile:
       正在跳过目标“GenerateBuildDependencyFile”，因为所有输出文件相对于输入文件而言都是最新的。
    12>已完成生成项目“D:\Users\Ye_Luo\AppData\Local\Context\src\ContextCore.Embedding\ContextCore.Embedding.csproj”(默认目标)的操作。
     7>CopyFilesToOutputDirectory:
         ContextCore.Client -> D:\Users\Ye_Luo\AppData\Local\Context\src\ContextCore.Client\bin\Debug\net10.0\ContextCore.Client.dll
     2>_GenerateSourceLinkFile:
         Source Link 文件 "obj\Debug\net10.0\ContextCore.Storage.Shared.sourcelink.json" 是最新的。
       CoreCompile:
       正在跳过目标“CoreCompile”，因为所有输出文件相对于输入文件而言都是最新的。
     7>已完成生成项目“D:\Users\Ye_Luo\AppData\Local\Context\src\ContextCore.Client\ContextCore.Client.csproj”(默认目标)的操作。
     2>GenerateBuildDependencyFile:
       正在跳过目标“GenerateBuildDependencyFile”，因为所有输出文件相对于输入文件而言都是最新的。
     4>GenerateBuildDependencyFile:
       正在跳过目标“GenerateBuildDependencyFile”，因为所有输出文件相对于输入文件而言都是最新的。
     2>CopyFilesToOutputDirectory:
         ContextCore.Storage.Shared -> D:\Users\Ye_Luo\AppData\Local\Context\src\ContextCore.Storage.Shared\bin\Debug\net10.0\ContextCore.Storage.Shared.dll
     4>CopyFilesToOutputDirectory:
         ContextCore.ModelGateway -> D:\Users\Ye_Luo\AppData\Local\Context\src\ContextCore.ModelGateway\bin\Debug\net10.0\ContextCore.ModelGateway.dll
     2>已完成生成项目“D:\Users\Ye_Luo\AppData\Local\Context\src\ContextCore.Storage.Shared\ContextCore.Storage.Shared.csproj”(默认目标)的操作。
     4>已完成生成项目“D:\Users\Ye_Luo\AppData\Local\Context\src\ContextCore.ModelGateway\ContextCore.ModelGateway.csproj”(默认目标)的操作。
     1>项目“D:\Users\Ye_Luo\AppData\Local\Context\ContextCore.sln”(1)正在节点 14 上生成“D:\Users\Ye_Luo\AppData\Local\Context\src\ContextCore.Core\ContextCore.Core.csproj”(9) (默认目标)。
     9>GenerateTargetFrameworkMonikerAttribute:
       正在跳过目标“GenerateTargetFrameworkMonikerAttribute”，因为所有输出文件相对于输入文件而言都是最新的。
       CoreGenerateAssemblyInfo:
       正在跳过目标“CoreGenerateAssemblyInfo”，因为所有输出文件相对于输入文件而言都是最新的。
       _GenerateSourceLinkFile:
         Source Link 文件 "obj\Debug\net10.0\ContextCore.Core.sourcelink.json" 是最新的。
       CoreCompile:
       正在跳过目标“CoreCompile”，因为所有输出文件相对于输入文件而言都是最新的。
       GenerateBuildDependencyFile:
       正在跳过目标“GenerateBuildDependencyFile”，因为所有输出文件相对于输入文件而言都是最新的。
       CopyFilesToOutputDirectory:
         ContextCore.Core -> D:\Users\Ye_Luo\AppData\Local\Context\src\ContextCore.Core\bin\Debug\net10.0\ContextCore.Core.dll
     9>已完成生成项目“D:\Users\Ye_Luo\AppData\Local\Context\src\ContextCore.Core\ContextCore.Core.csproj”(默认目标)的操作。
     1>项目“D:\Users\Ye_Luo\AppData\Local\Context\ContextCore.sln”(1)正在节点 13 上生成“D:\Users\Ye_Luo\AppData\Local\Context\src\ContextCore.Evaluation.Contracts\ContextCore.Evaluation.Contracts.csproj”(11) (默认目标)。
    11>GenerateTargetFrameworkMonikerAttribute:
       正在跳过目标“GenerateTargetFrameworkMonikerAttribute”，因为所有输出文件相对于输入文件而言都是最新的。
       CoreGenerateAssemblyInfo:
       正在跳过目标“CoreGenerateAssemblyInfo”，因为所有输出文件相对于输入文件而言都是最新的。
     1>项目“D:\Users\Ye_Luo\AppData\Local\Context\ContextCore.sln”(1)正在节点 12 上生成“D:\Users\Ye_Luo\AppData\Local\Context\src\ContextCore.Storage.FileSystem\ContextCore.Storage.FileSystem.csproj”(6) (默认目标)。
     6>GenerateTargetFrameworkMonikerAttribute:
       正在跳过目标“GenerateTargetFrameworkMonikerAttribute”，因为所有输出文件相对于输入文件而言都是最新的。
    11>_GenerateSourceLinkFile:
         Source Link 文件 "obj\Debug\net10.0\ContextCore.Evaluation.Contracts.sourcelink.json" 是最新的。
       CoreCompile:
       正在跳过目标“CoreCompile”，因为所有输出文件相对于输入文件而言都是最新的。
     6>CoreGenerateAssemblyInfo:
       正在跳过目标“CoreGenerateAssemblyInfo”，因为所有输出文件相对于输入文件而言都是最新的。
       _GenerateSourceLinkFile:
         Source Link 文件 "obj\Debug\net10.0\ContextCore.Storage.FileSystem.sourcelink.json" 是最新的。
    11>GenerateBuildDependencyFile:
       正在跳过目标“GenerateBuildDependencyFile”，因为所有输出文件相对于输入文件而言都是最新的。
     6>CoreCompile:
       正在跳过目标“CoreCompile”，因为所有输出文件相对于输入文件而言都是最新的。
    11>CopyFilesToOutputDirectory:
         ContextCore.Evaluation.Contracts -> D:\Users\Ye_Luo\AppData\Local\Context\src\ContextCore.Evaluation.Contracts\bin\Debug\net10.0\ContextCore.Evaluation.Contracts.dll
     6>GenerateBuildDependencyFile:
       正在跳过目标“GenerateBuildDependencyFile”，因为所有输出文件相对于输入文件而言都是最新的。
    11>已完成生成项目“D:\Users\Ye_Luo\AppData\Local\Context\src\ContextCore.Evaluation.Contracts\ContextCore.Evaluation.Contracts.csproj”(默认目标)的操作。
     6>CopyFilesToOutputDirectory:
         ContextCore.Storage.FileSystem -> D:\Users\Ye_Luo\AppData\Local\Context\src\ContextCore.Storage.FileSystem\bin\Debug\net10.0\ContextCore.Storage.FileSystem.dll
     6>已完成生成项目“D:\Users\Ye_Luo\AppData\Local\Context\src\ContextCore.Storage.FileSystem\ContextCore.Storage.FileSystem.csproj”(默认目标)的操作。
     1>项目“D:\Users\Ye_Luo\AppData\Local\Context\ContextCore.sln”(1)正在节点 7 上生成“D:\Users\Ye_Luo\AppData\Local\Context\src\ContextCore.Storage.InMemory\ContextCore.Storage.InMemory.csproj”(3) (默认目标)。
     3>GenerateTargetFrameworkMonikerAttribute:
       正在跳过目标“GenerateTargetFrameworkMonikerAttribute”，因为所有输出文件相对于输入文件而言都是最新的。
       CoreGenerateAssemblyInfo:
       正在跳过目标“CoreGenerateAssemblyInfo”，因为所有输出文件相对于输入文件而言都是最新的。
     1>项目“D:\Users\Ye_Luo\AppData\Local\Context\ContextCore.sln”(1)正在节点 5 上生成“D:\Users\Ye_Luo\AppData\Local\Context\src\ContextCore.Storage.Postgres\ContextCore.Storage.Postgres.csproj”(5) (默认目标)。
     5>GenerateTargetFrameworkMonikerAttribute:
       正在跳过目标“GenerateTargetFrameworkMonikerAttribute”，因为所有输出文件相对于输入文件而言都是最新的。
       CoreGenerateAssemblyInfo:
       正在跳过目标“CoreGenerateAssemblyInfo”，因为所有输出文件相对于输入文件而言都是最新的。
     3>_GenerateSourceLinkFile:
         Source Link 文件 "obj\Debug\net10.0\ContextCore.Storage.InMemory.sourcelink.json" 是最新的。
       CoreCompile:
       正在跳过目标“CoreCompile”，因为所有输出文件相对于输入文件而言都是最新的。
     1>项目“D:\Users\Ye_Luo\AppData\Local\Context\ContextCore.sln”(1)正在节点 2 上生成“D:\Users\Ye_Luo\AppData\Local\Context\src\ContextCore.Runtime\ContextCore.Runtime.csproj”(10) (默认目标)。
    10>GenerateTargetFrameworkMonikerAttribute:
       正在跳过目标“GenerateTargetFrameworkMonikerAttribute”，因为所有输出文件相对于输入文件而言都是最新的。
     5>_GenerateSourceLinkFile:
         Source Link 文件 "obj\Debug\net10.0\ContextCore.Storage.Postgres.sourcelink.json" 是最新的。
       CoreCompile:
       正在跳过目标“CoreCompile”，因为所有输出文件相对于输入文件而言都是最新的。
    10>CoreGenerateAssemblyInfo:
       正在跳过目标“CoreGenerateAssemblyInfo”，因为所有输出文件相对于输入文件而言都是最新的。
     3>GenerateBuildDependencyFile:
       正在跳过目标“GenerateBuildDependencyFile”，因为所有输出文件相对于输入文件而言都是最新的。
     5>GenerateBuildDependencyFile:
       正在跳过目标“GenerateBuildDependencyFile”，因为所有输出文件相对于输入文件而言都是最新的。
    10>_GenerateSourceLinkFile:
         Source Link 文件 "obj\Debug\net10.0\ContextCore.Runtime.sourcelink.json" 是最新的。
       CoreCompile:
       正在跳过目标“CoreCompile”，因为所有输出文件相对于输入文件而言都是最新的。
     3>CopyFilesToOutputDirectory:
         ContextCore.Storage.InMemory -> D:\Users\Ye_Luo\AppData\Local\Context\src\ContextCore.Storage.InMemory\bin\Debug\net10.0\ContextCore.Storage.InMemory.dll
     5>CopyFilesToOutputDirectory:
         ContextCore.Storage.Postgres -> D:\Users\Ye_Luo\AppData\Local\Context\src\ContextCore.Storage.Postgres\bin\Debug\net10.0\ContextCore.Storage.Postgres.dll
     3>已完成生成项目“D:\Users\Ye_Luo\AppData\Local\Context\src\ContextCore.Storage.InMemory\ContextCore.Storage.InMemory.csproj”(默认目标)的操作。
     5>已完成生成项目“D:\Users\Ye_Luo\AppData\Local\Context\src\ContextCore.Storage.Postgres\ContextCore.Storage.Postgres.csproj”(默认目标)的操作。
    10>GenerateBuildDependencyFile:
       正在跳过目标“GenerateBuildDependencyFile”，因为所有输出文件相对于输入文件而言都是最新的。
       CopyFilesToOutputDirectory:
         ContextCore.Runtime -> D:\Users\Ye_Luo\AppData\Local\Context\src\ContextCore.Runtime\bin\Debug\net10.0\ContextCore.Runtime.dll
    10>已完成生成项目“D:\Users\Ye_Luo\AppData\Local\Context\src\ContextCore.Runtime\ContextCore.Runtime.csproj”(默认目标)的操作。
     1>项目“D:\Users\Ye_Luo\AppData\Local\Context\ContextCore.sln”(1)正在节点 4 上生成“D:\Users\Ye_Luo\AppData\Local\Context\src\ContextCore.Evaluation\ContextCore.Evaluation.csproj”(13) (默认目标)。
    13>GenerateTargetFrameworkMonikerAttribute:
       正在跳过目标“GenerateTargetFrameworkMonikerAttribute”，因为所有输出文件相对于输入文件而言都是最新的。
     1>项目“D:\Users\Ye_Luo\AppData\Local\Context\ContextCore.sln”(1)正在节点 3 上生成“D:\Users\Ye_Luo\AppData\Local\Context\src\ContextCore.ControlRoom\ContextCore.ControlRoom.csproj”(14) (默认目标)。
    14>GenerateTargetFrameworkMonikerAttribute:
       正在跳过目标“GenerateTargetFrameworkMonikerAttribute”，因为所有输出文件相对于输入文件而言都是最新的。
    13>CoreGenerateAssemblyInfo:
       正在跳过目标“CoreGenerateAssemblyInfo”，因为所有输出文件相对于输入文件而言都是最新的。
    14>CoreGenerateAssemblyInfo:
       正在跳过目标“CoreGenerateAssemblyInfo”，因为所有输出文件相对于输入文件而言都是最新的。
    13>_GenerateSourceLinkFile:
         Source Link 文件 "obj\Debug\net10.0\ContextCore.Evaluation.sourcelink.json" 是最新的。
       CoreCompile:
       正在跳过目标“CoreCompile”，因为所有输出文件相对于输入文件而言都是最新的。
       _CreateAppHost:
       正在跳过目标“_CreateAppHost”，因为所有输出文件相对于输入文件而言都是最新的。
    14>_GenerateSourceLinkFile:
         Source Link 文件 "obj\Debug\net10.0\ContextCore.ControlRoom.sourcelink.json" 是最新的。
       CoreCompile:
       正在跳过目标“CoreCompile”，因为所有输出文件相对于输入文件而言都是最新的。
       _CreateAppHost:
       正在跳过目标“_CreateAppHost”，因为所有输出文件相对于输入文件而言都是最新的。
       _CopyOutOfDateSourceItemsToOutputDirectory:
       正在跳过目标“_CopyOutOfDateSourceItemsToOutputDirectory”，因为所有输出文件相对于输入文件而言都是最新的。
    13>_CopyOutOfDateSourceItemsToOutputDirectory:
       正在跳过目标“_CopyOutOfDateSourceItemsToOutputDirectory”，因为所有输出文件相对于输入文件而言都是最新的。
    14>GenerateBuildDependencyFile:
       正在跳过目标“GenerateBuildDependencyFile”，因为所有输出文件相对于输入文件而言都是最新的。
    13>GenerateBuildDependencyFile:
       正在跳过目标“GenerateBuildDependencyFile”，因为所有输出文件相对于输入文件而言都是最新的。
    14>GenerateBuildRuntimeConfigurationFiles:
       正在跳过目标“GenerateBuildRuntimeConfigurationFiles”，因为所有输出文件相对于输入文件而言都是最新的。
       CopyFilesToOutputDirectory:
         ContextCore.ControlRoom -> D:\Users\Ye_Luo\AppData\Local\Context\src\ContextCore.ControlRoom\bin\Debug\net10.0\ContextCore.ControlRoom.dll
    13>GenerateBuildRuntimeConfigurationFiles:
       正在跳过目标“GenerateBuildRuntimeConfigurationFiles”，因为所有输出文件相对于输入文件而言都是最新的。
       CopyFilesToOutputDirectory:
         ContextCore.Evaluation -> D:\Users\Ye_Luo\AppData\Local\Context\src\ContextCore.Evaluation\bin\Debug\net10.0\ContextCore.Evaluation.dll
    14>已完成生成项目“D:\Users\Ye_Luo\AppData\Local\Context\src\ContextCore.ControlRoom\ContextCore.ControlRoom.csproj”(默认目标)的操作。
    13>已完成生成项目“D:\Users\Ye_Luo\AppData\Local\Context\src\ContextCore.Evaluation\ContextCore.Evaluation.csproj”(默认目标)的操作。
     1>项目“D:\Users\Ye_Luo\AppData\Local\Context\ContextCore.sln”(1)正在节点 6 上生成“D:\Users\Ye_Luo\AppData\Local\Context\src\ContextCore.Service\ContextCore.Service.csproj”(8) (默认目标)。
     8>GenerateTargetFrameworkMonikerAttribute:
       正在跳过目标“GenerateTargetFrameworkMonikerAttribute”，因为所有输出文件相对于输入文件而言都是最新的。
       CoreGenerateAssemblyInfo:
       正在跳过目标“CoreGenerateAssemblyInfo”，因为所有输出文件相对于输入文件而言都是最新的。
       _DiscoverMvcApplicationParts:
       正在跳过目标“_DiscoverMvcApplicationParts”，因为所有输出文件相对于输入文件而言都是最新的。
       _GenerateSourceLinkFile:
         Source Link 文件 "obj\Debug\net10.0\ContextCore.Service.sourcelink.json" 是最新的。
       CoreCompile:
       正在跳过目标“CoreCompile”，因为所有输出文件相对于输入文件而言都是最新的。
       _CreateAppHost:
       正在跳过目标“_CreateAppHost”，因为所有输出文件相对于输入文件而言都是最新的。
       _ProcessScopedCssFiles:
       正在跳过目标“_ProcessScopedCssFiles”，因为它没有输出。
       _ProcessScopedCssFiles:
       正在跳过目标“_ProcessScopedCssFiles”，因为它没有输出。
       _BuildCopyStaticWebAssetsPreserveNewest:
       正在跳过目标“_BuildCopyStaticWebAssetsPreserveNewest”，因为它没有输出。
       _CopyOutOfDateSourceItemsToOutputDirectory:
       正在跳过目标“_CopyOutOfDateSourceItemsToOutputDirectory”，因为所有输出文件相对于输入文件而言都是最新的。
       GenerateBuildDependencyFile:
       正在跳过目标“GenerateBuildDependencyFile”，因为所有输出文件相对于输入文件而言都是最新的。
       GenerateBuildRuntimeConfigurationFiles:
       正在跳过目标“GenerateBuildRuntimeConfigurationFiles”，因为所有输出文件相对于输入文件而言都是最新的。
       CopyFilesToOutputDirectory:
         ContextCore.Service -> D:\Users\Ye_Luo\AppData\Local\Context\src\ContextCore.Service\bin\Debug\net10.0\ContextCore.Service.dll
     8>已完成生成项目“D:\Users\Ye_Luo\AppData\Local\Context\src\ContextCore.Service\ContextCore.Service.csproj”(默认目标)的操作。
     1>项目“D:\Users\Ye_Luo\AppData\Local\Context\ContextCore.sln”(1)正在节点 15 上生成“D:\Users\Ye_Luo\AppData\Local\Context\tests\ContextCore.Service.Tests\ContextCore.Service.Tests.csproj”(15) (默认目标)。
    15>GenerateTargetFrameworkMonikerAttribute:
       正在跳过目标“GenerateTargetFrameworkMonikerAttribute”，因为所有输出文件相对于输入文件而言都是最新的。
       CoreGenerateAssemblyInfo:
       正在跳过目标“CoreGenerateAssemblyInfo”，因为所有输出文件相对于输入文件而言都是最新的。
     1>项目“D:\Users\Ye_Luo\AppData\Local\Context\ContextCore.sln”(1)正在节点 9 上生成“D:\Users\Ye_Luo\AppData\Local\Context\tests\ContextCore.Tests\ContextCore.Tests.csproj”(18) (默认目标)。
    18>GenerateTargetFrameworkMonikerAttribute:
       正在跳过目标“GenerateTargetFrameworkMonikerAttribute”，因为所有输出文件相对于输入文件而言都是最新的。
       CoreGenerateAssemblyInfo:
       正在跳过目标“CoreGenerateAssemblyInfo”，因为所有输出文件相对于输入文件而言都是最新的。
       _GenerateSourceLinkFile:
         Source Link 文件 "obj\Debug\net10.0\ContextCore.Tests.sourcelink.json" 是最新的。
       CoreCompile:
         Setting DOTNET_ROOT to 'C:\Program Files\dotnet'
    15>_GenerateSourceLinkFile:
         Source Link 文件 "obj\Debug\net10.0\ContextCore.Service.Tests.sourcelink.json" 是最新的。
    18>CoreCompile:
         C:\Program Files\dotnet\sdk\10.0.301\Roslyn\bincore\csc.exe /noconfig /unsafe- /checked- /nowarn:1701,1702,1701,1702,8002 /fullpaths /nostdlib+ /errorreport:prompt /warn:10 /define:TRACE;DEBUG;NET;NET10_0;NETCOREAPP;NET5_0_OR_GREATER;NET6_0_OR_GREATER;NET7_0_OR_GREATER;NET8_0_OR_GREATER;NET9_0_OR_GREATER;NET10_0_OR_GREATER;NETCOREAPP1_0_OR_GREATER;NETCOREAPP1_1_OR_GREATER;NETCOREAPP2_0_OR_GREATER;NETCOREAPP2_1_OR_GREATER;NETCOREAPP2_2_OR_GREATER;NETCOREAPP3_0_OR_GREATER;NETCOREAPP3_1_OR_GREATER /highentropyva+ /nullable:enable /reference:D:\Users\Ye_Luo\AppData\Local\Context\src\ContextCore.Abstractions\obj\Debug\net10.0\ref\ContextCore.Abstractions.dll /reference:D:\Users\Ye_Luo\AppData\Local\Context\src\ContextCore.Client\obj\Debug\net10.0\ref\ContextCore.Client.dll /reference:D:\Users\Ye_Luo\AppData\Local\Context\src\ContextCore.ControlRoom\obj\Debug\net10.0\ref\ContextCore.ControlRoom.dll /reference:D:\Users\Ye_Luo\AppData\Local\Context\src\ContextCore.Core\obj\Debug\net10.0\ref\ContextCore.Core.dll /reference:D:\Users\Ye_Luo\AppData\Local\Context\src\ContextCore.Embedding\obj\Debug\net10.0\ref\ContextCore.Embedding.dll /reference:D:\Users\Ye_Luo\AppData\Local\Context\src\ContextCore.Evaluation.Contracts\obj\Debug\net10.0\ref\ContextCore.Evaluation.Contracts.dll /reference:D:\Users\Ye_Luo\AppData\Local\Context\src\ContextCore.Evaluation\obj\Debug\net10.0\ref\ContextCore.Evaluation.dll /reference:D:\Users\Ye_Luo\AppData\Local\Context\src\ContextCore.ModelGateway\obj\Debug\net10.0\ref\ContextCore.ModelGateway.dll /reference:D:\Users\Ye_Luo\AppData\Local\Context\src\ContextCore.Runtime\obj\Debug\net10.0\ref\ContextCore.Runtime.dll /reference:D:\Users\Ye_Luo\AppData\Local\Context\src\ContextCore.Service\obj\Debug\net10.0\ref\ContextCore.Service.dll /reference:D:\Users\Ye_Luo\AppData\Local\Context\src\ContextCore.Storage.FileSystem\obj\Debug\net10.0\ref\ContextCore.Storage.FileSystem.dll /reference:D:\Users\Ye_Luo\AppData\Local\Context\src\ContextCore.Storage.InMemory\obj\Debug\net10.0\ref\ContextCore.Storage.InMemory.dll /reference:D:\Users\Ye_Luo\AppData\Local\Context\src\ContextCore.Storage.Postgres\obj\Debug\net10.0\ref\ContextCore.Storage.Postgres.dll /reference:D:\Users\Ye_Luo\AppData\Local\Context\src\ContextCore.Storage.Shared\obj\Debug\net10.0\ref\ContextCore.Storage.Shared.dll /reference:C:\Users\Ye_Luo\.nuget\packages\google.protobuf\3.30.2\lib\net5.0\Google.Protobuf.dll /reference:"C:\Program Files\dotnet\packs\Microsoft.AspNetCore.App.Ref\10.0.9\ref\net10.0\Microsoft.AspNetCore.Antiforgery.dll" /reference:"C:\Program Files\dotnet\packs\Microsoft.AspNetCore.App.Ref\10.0.9\ref\net10.0\Microsoft.AspNetCore.Authentication.Abstractions.dll" /reference:"C:\Program Files\dotnet\packs\Microsoft.AspNetCore.App.Ref\10.0.9\ref\net10.0\Microsoft.AspNetCore.Authentication.BearerToken.dll" /reference:"C:\Program Files\dotnet\packs\Microsoft.AspNetCore.App.Ref\10.0.9\ref\net10.0\Microsoft.AspNetCore.Authentication.Cookies.dll" /reference:"C:\Program Files\dotnet\packs\Microsoft.AspNetCore.App.Ref\10.0.9\ref\net10.0\Microsoft.AspNetCore.Authentication.Core.dll" /reference:"C:\Program Files\dotnet\packs\Microsoft.AspNetCore.App.Ref\10.0.9\ref\net10.0\Microsoft.AspNetCore.Authentication.dll" /reference:"C:\Program Files\dotnet\packs\Microsoft.AspNetCore.App.Ref\10.0.9\ref\net10.0\Microsoft.AspNetCore.Authentication.OAuth.dll" /reference:"C:\Program Files\dotnet\packs\Microsoft.AspNetCore.App.Ref\10.0.9\ref\net10.0\Microsoft.AspNetCore.Authorization.dll" /reference:"C:\Program Files\dotnet\packs\Microsoft.AspNetCore.App.Ref\10.0.9\ref\net10.0\Microsoft.AspNetCore.Authorization.Policy.dll" /reference:"C:\Program Files\dotnet\packs\Microsoft.AspNetCore.App.Ref\10.0.9\ref\net10.0\Microsoft.AspNetCore.Components.Authorization.dll" /reference:"C:\Program Files\dotnet\packs\Microsoft.AspNetCore.App.Ref\10.0.9\ref\net10.0\Microsoft.AspNetCore.Components.dll" /reference:"C:\Program Files\dotnet\packs\Microsoft.AspNetCore.App.Ref\10.0.9\ref\net10.0\Microsoft.AspNetCore.Components.Endpoints.dll" /reference:"C:\Program Files\dotnet\packs\Microsoft.AspNetCore.App.Ref\10.0.9\ref\net10.0\Microsoft.AspNetCore.Components.Forms.dll" /reference:"C:\Program Files\dotnet\packs\Microsoft.AspNetCore.App.Ref\10.0.9\ref\net10.0\Microsoft.AspNetCore.Components.Server.dll" /reference:"C:\Program Files\dotnet\packs\Microsoft.AspNetCore.App.Ref\10.0.9\ref\net10.0\Microsoft.AspNetCore.Components.Web.dll" /reference:"C:\Program Files\dotnet\packs\Microsoft.AspNetCore.App.Ref\10.0.9\ref\net10.0\Microsoft.AspNetCore.Connections.Abstractions.dll" /reference:"C:\Program Files\dotnet\packs\Microsoft.AspNetCore.App.Ref\10.0.9\ref\net10.0\Microsoft.AspNetCore.CookiePolicy.dll" /reference:"C:\Program Files\dotnet\packs\Microsoft.AspNetCore.App.Ref\10.0.9\ref\net10.0\Microsoft.AspNetCore.Cors.dll" /reference:"C:\Program Files\dotnet\packs\Microsoft.AspNetCore.App.Ref\10.0.9\ref\net10.0\Microsoft.AspNetCore.Cryptography.Internal.dll" /reference:"C:\Program Files\dotnet\packs\Microsoft.AspNetCore.App.Ref\10.0.9\ref\net10.0\Microsoft.AspNetCore.Cryptography.KeyDerivation.dll" /reference:"C:\Program Files\dotnet\packs\Microsoft.AspNetCore.App.Ref\10.0.9\ref\net10.0\Microsoft.AspNetCore.DataProtection.Abstractions.dll" /reference:"C:\Program Files\dotnet\packs\Microsoft.AspNetCore.App.Ref\10.0.9\ref\net10.0\Microsoft.AspNetCore.DataProtection.dll" /reference:"C:\Program Files\dotnet\packs\Microsoft.AspNetCore.App.Ref\10.0.9\ref\net10.0\Microsoft.AspNetCore.DataProtection.Extensions.dll" /reference:"C:\Program Files\dotnet\packs\Microsoft.AspNetCore.App.Ref\10.0.9\ref\net10.0\Microsoft.AspNetCore.Diagnostics.Abstractions.dll" /reference:"C:\Program Files\dotnet\packs\Microsoft.AspNetCore.App.Ref\10.0.9\ref\net10.0\Microsoft.AspNetCore.Diagnostics.dll" /reference:"C:\Program Files\dotnet\packs\Microsoft.AspNetCore.App.Ref\10.0.9\ref\net10.0\Microsoft.AspNetCore.Diagnostics.HealthChecks.dll" /reference:"C:\Program Files\dotnet\packs\Microsoft.AspNetCore.App.Ref\10.0.9\ref\net10.0\Microsoft.AspNetCore.dll" /reference:"C:\Program Files\dotnet\packs\Microsoft.AspNetCore.App.Ref\10.0.9\ref\net10.0\Microsoft.AspNetCore.HostFiltering.dll" /reference:"C:\Program Files\dotnet\packs\Microsoft.AspNetCore.App.Ref\10.0.9\ref\net10.0\Microsoft.AspNetCore.Hosting.Abstractions.dll" /reference:"C:\Program Files\dotnet\packs\Microsoft.AspNetCore.App.Ref\10.0.9\ref\net10.0\Microsoft.AspNetCore.Hosting.dll" /reference:"C:\Program Files\dotnet\packs\Microsoft.AspNetCore.App.Ref\10.0.9\ref\net10.0\Microsoft.AspNetCore.Hosting.Server.Abstractions.dll" /reference:"C:\Program Files\dotnet\packs\Microsoft.AspNetCore.App.Ref\10.0.9\ref\net10.0\Microsoft.AspNetCore.Html.Abstractions.dll" /reference:"C:\Program Files\dotnet\packs\Microsoft.AspNetCore.App.Ref\10.0.9\ref\net10.0\Microsoft.AspNetCore.Http.Abstractions.dll" /reference:"C:\Program Files\dotnet\packs\Microsoft.AspNetCore.App.Ref\10.0.9\ref\net10.0\Microsoft.AspNetCore.Http.Connections.Common.dll" /reference:"C:\Program Files\dotnet\packs\Microsoft.AspNetCore.App.Ref\10.0.9\ref\net10.0\Microsoft.AspNetCore.Http.Connections.dll" /reference:"C:\Program Files\dotnet\packs\Microsoft.AspNetCore.App.Ref\10.0.9\ref\net10.0\Microsoft.AspNetCore.Http.dll" /reference:"C:\Program Files\dotnet\packs\Microsoft.AspNetCore.App.Ref\10.0.9\ref\net10.0\Microsoft.AspNetCore.Http.Extensions.dll" /reference:"C:\Program Files\dotnet\packs\Microsoft.AspNetCore.App.Ref\10.0.9\ref\net10.0\Microsoft.AspNetCore.Http.Features.dll" /reference:"C:\Program Files\dotnet\packs\Microsoft.AspNetCore.App.Ref\10.0.9\ref\net10.0\Microsoft.AspNetCore.Http.Results.dll" /reference:"C:\Program Files\dotnet\packs\Microsoft.AspNetCore.App.Ref\10.0.9\ref\net10.0\Microsoft.AspNetCore.HttpLogging.dll" /reference:"C:\Program Files\dotnet\packs\Microsoft.AspNetCore.App.Ref\10.0.9\ref\net10.0\Microsoft.AspNetCore.HttpOverrides.dll" /reference:"C:\Program Files\dotnet\packs\Microsoft.AspNetCore.App.Ref\10.0.9\ref\net10.0\Microsoft.AspNetCore.HttpsPolicy.dll" /reference:"C:\Program Files\dotnet\packs\Microsoft.AspNetCore.App.Ref\10.0.9\ref\net10.0\Microsoft.AspNetCore.Identity.dll" /reference:"C:\Program Files\dotnet\packs\Microsoft.AspNetCore.App.Ref\10.0.9\ref\net10.0\Microsoft.AspNetCore.Localization.dll" /reference:"C:\Program Files\dotnet\packs\Microsoft.AspNetCore.App.Ref\10.0.9\ref\net10.0\Microsoft.AspNetCore.Localization.Routing.dll" /reference:"C:\Program Files\dotnet\packs\Microsoft.AspNetCore.App.Ref\10.0.9\ref\net10.0\Microsoft.AspNetCore.Metadata.dll" /reference:"C:\Program Files\dotnet\packs\Microsoft.AspNetCore.App.Ref\10.0.9\ref\net10.0\Microsoft.AspNetCore.Mvc.Abstractions.dll" /reference:"C:\Program Files\dotnet\packs\Microsoft.AspNetCore.App.Ref\10.0.9\ref\net10.0\Microsoft.AspNetCore.Mvc.ApiExplorer.dll" /reference:"C:\Program Files\dotnet\packs\Microsoft.AspNetCore.App.Ref\10.0.9\ref\net10.0\Microsoft.AspNetCore.Mvc.Core.dll" /reference:"C:\Program Files\dotnet\packs\Microsoft.AspNetCore.App.Ref\10.0.9\ref\net10.0\Microsoft.AspNetCore.Mvc.Cors.dll" /reference:"C:\Program Files\dotnet\packs\Microsoft.AspNetCore.App.Ref\10.0.9\ref\net10.0\Microsoft.AspNetCore.Mvc.DataAnnotations.dll" /reference:"C:\Program Files\dotnet\packs\Microsoft.AspNetCore.App.Ref\10.0.9\ref\net10.0\Microsoft.AspNetCore.Mvc.dll" /reference:"C:\Program Files\dotnet\packs\Microsoft.AspNetCore.App.Ref\10.0.9\ref\net10.0\Microsoft.AspNetCore.Mvc.Formatters.Json.dll" /reference:"C:\Program Files\dotnet\packs\Microsoft.AspNetCore.App.Ref\10.0.9\ref\net10.0\Microsoft.AspNetCore.Mvc.Formatters.Xml.dll" /reference:"C:\Program Files\dotnet\packs\Microsoft.AspNetCore.App.Ref\10.0.9\ref\net10.0\Microsoft.AspNetCore.Mvc.Localization.dll" /reference:"C:\Program Files\dotnet\packs\Microsoft.AspNetCore.App.Ref\10.0.9\ref\net10.0\Microsoft.AspNetCore.Mvc.Razor.dll" /reference:"C:\Program Files\dotnet\packs\Microsoft.AspNetCore.App.Ref\10.0.9\ref\net10.0\Microsoft.AspNetCore.Mvc.RazorPages.dll" /reference:"C:\Program Files\dotnet\packs\Microsoft.AspNetCore.App.Ref\10.0.9\ref\net10.0\Microsoft.AspNetCore.Mvc.TagHelpers.dll" /reference:C:\Users\Ye_Luo\.nuget\packages\microsoft.aspnetcore.mvc.testing\10.0.7\lib\net10.0\Microsoft.AspNetCore.Mvc.Testing.dll /reference:"C:\Program Files\dotnet\packs\Microsoft.AspNetCore.App.Ref\10.0.9\ref\net10.0\Microsoft.AspNetCore.Mvc.ViewFeatures.dll" /reference:C:\Users\Ye_Luo\.nuget\packages\microsoft.aspnetcore.openapi\10.0.7\lib\net10.0\Microsoft.AspNetCore.OpenApi.dll /reference:"C:\Program Files\dotnet\packs\Microsoft.AspNetCore.App.Ref\10.0.9\ref\net10.0\Microsoft.AspNetCore.OutputCaching.dll" /reference:"C:\Program Files\dotnet\packs\Microsoft.AspNetCore.App.Ref\10.0.9\ref\net10.0\Microsoft.AspNetCore.RateLimiting.dll" /reference:"C:\Program Files\dotnet\packs\Microsoft.AspNetCore.App.Ref\10.0.9\ref\net10.0\Microsoft.AspNetCore.Razor.dll" /reference:"C:\Program Files\dotnet\packs\Microsoft.AspNetCore.App.Ref\10.0.9\ref\net10.0\Microsoft.AspNetCore.Razor.Runtime.dll" /reference:"C:\Program Files\dotnet\packs\Microsoft.AspNetCore.App.Ref\10.0.9\ref\net10.0\Microsoft.AspNetCore.RequestDecompression.dll" /reference:"C:\Program Files\dotnet\packs\Microsoft.AspNetCore.App.Ref\10.0.9\ref\net10.0\Microsoft.AspNetCore.ResponseCaching.Abstractions.dll" /reference:"C:\Program Files\dotnet\packs\Microsoft.AspNetCore.App.Ref\10.0.9\ref\net10.0\Microsoft.AspNetCore.ResponseCaching.dll" /reference:"C:\Program Files\dotnet\packs\Microsoft.AspNetCore.App.Ref\10.0.9\ref\net10.0\Microsoft.AspNetCore.ResponseCompression.dll" /reference:"C:\Program Files\dotnet\packs\Microsoft.AspNetCore.App.Ref\10.0.9\ref\net10.0\Microsoft.AspNetCore.Rewrite.dll" /reference:"C:\Program Files\dotnet\packs\Microsoft.AspNetCore.App.Ref\10.0.9\ref\net10.0\Microsoft.AspNetCore.Routing.Abstractions.dll" /reference:"C:\Program Files\dotnet\packs\Microsoft.AspNetCore.App.Ref\10.0.9\ref\net10.0\Microsoft.AspNetCore.Routing.dll" /reference:"C:\Program Files\dotnet\packs\Microsoft.AspNetCore.App.Ref\10.0.9\ref\net10.0\Microsoft.AspNetCore.Server.HttpSys.dll" /reference:"C:\Program Files\dotnet\packs\Microsoft.AspNetCore.App.Ref\10.0.9\ref\net10.0\Microsoft.AspNetCore.Server.IIS.dll" /reference:"C:\Program Files\dotnet\packs\Microsoft.AspNetCore.App.Ref\10.0.9\ref\net10.0\Microsoft.AspNetCore.Server.IISIntegration.dll" /reference:"C:\Program Files\dotnet\packs\Microsoft.AspNetCore.App.Ref\10.0.9\ref\net10.0\Microsoft.AspNetCore.Server.Kestrel.Core.dll" /reference:"C:\Program Files\dotnet\packs\Microsoft.AspNetCore.App.Ref\10.0.9\ref\net10.0\Microsoft.AspNetCore.Server.Kestrel.dll" /reference:"C:\Program Files\dotnet\packs\Microsoft.AspNetCore.App.Ref\10.0.9\ref\net10.0\Microsoft.AspNetCore.Server.Kestrel.Transport.NamedPipes.dll" /reference:"C:\Program Files\dotnet\packs\Microsoft.AspNetCore.App.Ref\10.0.9\ref\net10.0\Microsoft.AspNetCore.Server.Kestrel.Transport.Quic.dll" /reference:"C:\Program Files\dotnet\packs\Microsoft.AspNetCore.App.Ref\10.0.9\ref\net10.0\Microsoft.AspNetCore.Server.Kestrel.Transport.Sockets.dll" /reference:"C:\Program Files\dotnet\packs\Microsoft.AspNetCore.App.Ref\10.0.9\ref\net10.0\Microsoft.AspNetCore.Session.dll" /reference:"C:\Program Files\dotnet\packs\Microsoft.AspNetCore.App.Ref\10.0.9\ref\net10.0\Microsoft.AspNetCore.SignalR.Common.dll" /reference:"C:\Program Files\dotnet\packs\Microsoft.AspNetCore.App.Ref\10.0.9\ref\net10.0\Microsoft.AspNetCore.SignalR.Core.dll" /reference:"C:\Program Files\dotnet\packs\Microsoft.AspNetCore.App.Ref\10.0.9\ref\net10.0\Microsoft.AspNetCore.SignalR.dll" /reference:"C:\Program Files\dotnet\packs\Microsoft.AspNetCore.App.Ref\10.0.9\ref\net10.0\Microsoft.AspNetCore.SignalR.Protocols.Json.dll" /reference:"C:\Program Files\dotnet\packs\Microsoft.AspNetCore.App.Ref\10.0.9\ref\net10.0\Microsoft.AspNetCore.StaticAssets.dll" /reference:"C:\Program Files\dotnet\packs\Microsoft.AspNetCore.App.Ref\10.0.9\ref\net10.0\Microsoft.AspNetCore.StaticFiles.dll" /reference:C:\Users\Ye_Luo\.nuget\packages\microsoft.aspnetcore.testhost\10.0.7\lib\net10.0\Microsoft.AspNetCore.TestHost.dll /reference:"C:\Program Files\dotnet\packs\Microsoft.AspNetCore.App.Ref\10.0.9\ref\net10.0\Microsoft.AspNetCore.WebSockets.dll" /reference:"C:\Program Files\dotnet\packs\Microsoft.AspNetCore.App.Ref\10.0.9\ref\net10.0\Microsoft.AspNetCore.WebUtilities.dll" /reference:"C:\Program Files\dotnet\packs\Microsoft.NETCore.App.Ref\10.0.9\ref\net10.0\Microsoft.CSharp.dll" /reference:"C:\Program Files\dotnet\packs\Microsoft.AspNetCore.App.Ref\10.0.9\ref\net10.0\Microsoft.Extensions.Caching.Abstractions.dll" /reference:"C:\Program Files\dotnet\packs\Microsoft.AspNetCore.App.Ref\10.0.9\ref\net10.0\Microsoft.Extensions.Caching.Memory.dll" /reference:"C:\Program Files\dotnet\packs\Microsoft.AspNetCore.App.Ref\10.0.9\ref\net10.0\Microsoft.Extensions.Configuration.Abstractions.dll" /reference:"C:\Program Files\dotnet\packs\Microsoft.AspNetCore.App.Ref\10.0.9\ref\net10.0\Microsoft.Extensions.Configuration.Binder.dll" /reference:"C:\Program Files\dotnet\packs\Microsoft.AspNetCore.App.Ref\10.0.9\ref\net10.0\Microsoft.Extensions.Configuration.CommandLine.dll" /reference:"C:\Program Files\dotnet\packs\Microsoft.AspNetCore.App.Ref\10.0.9\ref\net10.0\Microsoft.Extensions.Configuration.dll" /reference:"C:\Program Files\dotnet\packs\Microsoft.AspNetCore.App.Ref\10.0.9\ref\net10.0\Microsoft.Extensions.Configuration.EnvironmentVariables.dll" /reference:"C:\Program Files\dotnet\packs\Microsoft.AspNetCore.App.Ref\10.0.9\ref\net10.0\Microsoft.Extensions.Configuration.FileExtensions.dll" /reference:"C:\Program Files\dotnet\packs\Microsoft.AspNetCore.App.Ref\10.0.9\ref\net10.0\Microsoft.Extensions.Configuration.Ini.dll" /reference:"C:\Program Files\dotnet\packs\Microsoft.AspNetCore.App.Ref\10.0.9\ref\net10.0\Microsoft.Extensions.Configuration.Json.dll" /reference:"C:\Program Files\dotnet\packs\Microsoft.AspNetCore.App.Ref\10.0.9\ref\net10.0\Microsoft.Extensions.Configuration.KeyPerFile.dll" /reference:"C:\Program Files\dotnet\packs\Microsoft.AspNetCore.App.Ref\10.0.9\ref\net10.0\Microsoft.Extensions.Configuration.UserSecrets.dll" /reference:"C:\Program Files\dotnet\packs\Microsoft.AspNetCore.App.Ref\10.0.9\ref\net10.0\Microsoft.Extensions.Configuration.Xml.dll" /reference:"C:\Program Files\dotnet\packs\Microsoft.AspNetCore.App.Ref\10.0.9\ref\net10.0\Microsoft.Extensions.DependencyInjection.Abstractions.dll" /reference:"C:\Program Files\dotnet\packs\Microsoft.AspNetCore.App.Ref\10.0.9\ref\net10.0\Microsoft.Extensions.DependencyInjection.dll" /reference:C:\Users\Ye_Luo\.nuget\packages\microsoft.extensions.dependencymodel\10.0.7\lib\net10.0\Microsoft.Extensions.DependencyModel.dll /reference:"C:\Program Files\dotnet\packs\Microsoft.AspNetCore.App.Ref\10.0.9\ref\net10.0\Microsoft.Extensions.Diagnostics.Abstractions.dll" /reference:"C:\Program Files\dotnet\packs\Microsoft.AspNetCore.App.Ref\10.0.9\ref\net10.0\Microsoft.Extensions.Diagnostics.dll" /reference:"C:\Program Files\dotnet\packs\Microsoft.AspNetCore.App.Ref\10.0.9\ref\net10.0\Microsoft.Extensions.Diagnostics.HealthChecks.Abstractions.dll" /reference:"C:\Program Files\dotnet\packs\Microsoft.AspNetCore.App.Ref\10.0.9\ref\net10.0\Microsoft.Extensions.Diagnostics.HealthChecks.dll" /reference:"C:\Program Files\dotnet\packs\Microsoft.AspNetCore.App.Ref\10.0.9\ref\net10.0\Microsoft.Extensions.Features.dll" /reference:"C:\Program Files\dotnet\packs\Microsoft.AspNetCore.App.Ref\10.0.9\ref\net10.0\Microsoft.Extensions.FileProviders.Abstractions.dll" /reference:"C:\Program Files\dotnet\packs\Microsoft.AspNetCore.App.Ref\10.0.9\ref\net10.0\Microsoft.Extensions.FileProviders.Composite.dll" /reference:"C:\Program Files\dotnet\packs\Microsoft.AspNetCore.App.Ref\10.0.9\ref\net10.0\Microsoft.Extensions.FileProviders.Embedded.dll" /reference:"C:\Program Files\dotnet\packs\Microsoft.AspNetCore.App.Ref\10.0.9\ref\net10.0\Microsoft.Extensions.FileProviders.Physical.dll" /reference:"C:\Program Files\dotnet\packs\Microsoft.AspNetCore.App.Ref\10.0.9\ref\net10.0\Microsoft.Extensions.FileSystemGlobbing.dll" /reference:"C:\Program Files\dotnet\packs\Microsoft.AspNetCore.App.Ref\10.0.9\ref\net10.0\Microsoft.Extensions.Hosting.Abstractions.dll" /reference:"C:\Program Files\dotnet\packs\Microsoft.AspNetCore.App.Ref\10.0.9\ref\net10.0\Microsoft.Extensions.Hosting.dll" /reference:"C:\Program Files\dotnet\packs\Microsoft.AspNetCore.App.Ref\10.0.9\ref\net10.0\Microsoft.Extensions.Http.dll" /reference:"C:\Program Files\dotnet\packs\Microsoft.AspNetCore.App.Ref\10.0.9\ref\net10.0\Microsoft.Extensions.Identity.Core.dll" /reference:"C:\Program Files\dotnet\packs\Microsoft.AspNetCore.App.Ref\10.0.9\ref\net10.0\Microsoft.Extensions.Identity.Stores.dll" /reference:"C:\Program Files\dotnet\packs\Microsoft.AspNetCore.App.Ref\10.0.9\ref\net10.0\Microsoft.Extensions.Localization.Abstractions.dll" /reference:"C:\Program Files\dotnet\packs\Microsoft.AspNetCore.App.Ref\10.0.9\ref\net10.0\Microsoft.Extensions.Localization.dll" /reference:"C:\Program Files\dotnet\packs\Microsoft.AspNetCore.App.Ref\10.0.9\ref\net10.0\Microsoft.Extensions.Logging.Abstractions.dll" /reference:"C:\Program Files\dotnet\packs\Microsoft.AspNetCore.App.Ref\10.0.9\ref\net10.0\Microsoft.Extensions.Logging.Configuration.dll" /reference:"C:\Program Files\dotnet\packs\Microsoft.AspNetCore.App.Ref\10.0.9\ref\net10.0\Microsoft.Extensions.Logging.Console.dll" /reference:"C:\Program Files\dotnet\packs\Microsoft.AspNetCore.App.Ref\10.0.9\ref\net10.0\Microsoft.Extensions.Logging.Debug.dll" /reference:"C:\Program Files\dotnet\packs\Microsoft.AspNetCore.App.Ref\10.0.9\ref\net10.0\Microsoft.Extensions.Logging.dll" /reference:"C:\Program Files\dotnet\packs\Microsoft.AspNetCore.App.Ref\10.0.9\ref\net10.0\Microsoft.Extensions.Logging.EventLog.dll" /reference:"C:\Program Files\dotnet\packs\Microsoft.AspNetCore.App.Ref\10.0.9\ref\net10.0\Microsoft.Extensions.Logging.EventSource.dll" /reference:"C:\Program Files\dotnet\packs\Microsoft.AspNetCore.App.Ref\10.0.9\ref\net10.0\Microsoft.Extensions.Logging.TraceSource.dll" /reference:"C:\Program Files\dotnet\packs\Microsoft.AspNetCore.App.Ref\10.0.9\ref\net10.0\Microsoft.Extensions.ObjectPool.dll" /reference:"C:\Program Files\dotnet\packs\Microsoft.AspNetCore.App.Ref\10.0.9\ref\net10.0\Microsoft.Extensions.Options.ConfigurationExtensions.dll" /reference:"C:\Program Files\dotnet\packs\Microsoft.AspNetCore.App.Ref\10.0.9\ref\net10.0\Microsoft.Extensions.Options.DataAnnotations.dll" /reference:"C:\Program Files\dotnet\packs\Microsoft.AspNetCore.App.Ref\10.0.9\ref\net10.0\Microsoft.Extensions.Options.dll" /reference:"C:\Program Files\dotnet\packs\Microsoft.AspNetCore.App.Ref\10.0.9\ref\net10.0\Microsoft.Extensions.Primitives.dll" /reference:"C:\Program Files\dotnet\packs\Microsoft.AspNetCore.App.Ref\10.0.9\ref\net10.0\Microsoft.Extensions.Validation.dll" /reference:"C:\Program Files\dotnet\packs\Microsoft.AspNetCore.App.Ref\10.0.9\ref\net10.0\Microsoft.Extensions.WebEncoders.dll" /reference:"C:\Program Files\dotnet\packs\Microsoft.AspNetCore.App.Ref\10.0.9\ref\net10.0\Microsoft.JSInterop.dll" /reference:C:\Users\Ye_Luo\.nuget\packages\microsoft.ml.onnxruntime.managed\1.26.0\lib\net8.0\Microsoft.ML.OnnxRuntime.dll /reference:C:\Users\Ye_Luo\.nuget\packages\microsoft.ml.tokenizers\2.0.0\lib\net8.0\Microsoft.ML.Tokenizers.dll /reference:"C:\Program Files\dotnet\packs\Microsoft.AspNetCore.App.Ref\10.0.9\ref\net10.0\Microsoft.Net.Http.Headers.dll" /reference:C:\Users\Ye_Luo\.nuget\packages\microsoft.openapi\2.7.5\lib\net8.0\Microsoft.OpenApi.dll /reference:C:\Users\Ye_Luo\.nuget\packages\microsoft.testplatform.testhost\17.10.0-preview-24080-01\lib\netcoreapp3.1\Microsoft.TestPlatform.CommunicationUtilities.dll /reference:C:\Users\Ye_Luo\.nuget\packages\microsoft.testplatform.testhost\17.10.0-preview-24080-01\lib\netcoreapp3.1\Microsoft.TestPlatform.CoreUtilities.dll /reference:C:\Users\Ye_Luo\.nuget\packages\microsoft.testplatform.testhost\17.10.0-preview-24080-01\lib\netcoreapp3.1\Microsoft.TestPlatform.CrossPlatEngine.dll /reference:C:\Users\Ye_Luo\.nuget\packages\microsoft.testplatform.testhost\17.10.0-preview-24080-01\lib\netcoreapp3.1\Microsoft.TestPlatform.PlatformAbstractions.dll /reference:C:\Users\Ye_Luo\.nuget\packages\microsoft.testplatform.testhost\17.10.0-preview-24080-01\lib\netcoreapp3.1\Microsoft.TestPlatform.Utilities.dll /reference:"C:\Program Files\dotnet\packs\Microsoft.NETCore.App.Ref\10.0.9\ref\net10.0\Microsoft.VisualBasic.Core.dll" /reference:"C:\Program Files\dotnet\packs\Microsoft.NETCore.App.Ref\10.0.9\ref\net10.0\Microsoft.VisualBasic.dll" /reference:C:\Users\Ye_Luo\.nuget\packages\microsoft.codecoverage\17.10.0-preview-24080-01\lib\netcoreapp3.1\Microsoft.VisualStudio.CodeCoverage.Shim.dll /reference:C:\Users\Ye_Luo\.nuget\packages\microsoft.testplatform.testhost\17.10.0-preview-24080-01\lib\netcoreapp3.1\Microsoft.VisualStudio.TestPlatform.Common.dll /reference:C:\Users\Ye_Luo\.nuget\packages\microsoft.testplatform.testhost\17.10.0-preview-24080-01\lib\netcoreapp3.1\Microsoft.VisualStudio.TestPlatform.ObjectModel.dll /reference:C:\Users\Ye_Luo\.nuget\packages\mstest.testframework\3.1.1\lib\net6.0\Microsoft.VisualStudio.TestPlatform.TestFramework.dll /reference:C:\Users\Ye_Luo\.nuget\packages\mstest.testframework\3.1.1\build\net6.0\Microsoft.VisualStudio.TestPlatform.TestFramework.Extensions.dll /reference:"C:\Program Files\dotnet\packs\Microsoft.NETCore.App.Ref\10.0.9\ref\net10.0\Microsoft.Win32.Primitives.dll" /reference:"C:\Program Files\dotnet\packs\Microsoft.NETCore.App.Ref\10.0.9\ref\net10.0\Microsoft.Win32.Registry.dll" /reference:"C:\Program Files\dotnet\packs\Microsoft.NETCore.App.Ref\10.0.9\ref\net10.0\mscorlib.dll" /reference:"C:\Program Files\dotnet\packs\Microsoft.NETCore.App.Ref\10.0.9\ref\net10.0\netstandard.dll" /reference:C:\Users\Ye_Luo\.nuget\packages\newtonsoft.json\13.0.1\lib\netstandard2.0\Newtonsoft.Json.dll /reference:C:\Users\Ye_Luo\.nuget\packages\npgsql\10.0.2\lib\net10.0\Npgsql.dll /reference:C:\Users\Ye_Luo\.nuget\packages\opentelemetry.api\1.15.3\lib\net10.0\OpenTelemetry.Api.dll /reference:C:\Users\Ye_Luo\.nuget\packages\opentelemetry.api.providerbuilderextensions\1.15.3\lib\net10.0\OpenTelemetry.Api.ProviderBuilderExtensions.dll /reference:C:\Users\Ye_Luo\.nuget\packages\opentelemetry\1.15.3\lib\net10.0\OpenTelemetry.dll /reference:C:\Users\Ye_Luo\.nuget\packages\opentelemetry.exporter.opentelemetryprotocol\1.15.3\lib\net10.0\OpenTelemetry.Exporter.OpenTelemetryProtocol.dll /reference:C:\Users\Ye_Luo\.nuget\packages\opentelemetry.extensions.hosting\1.15.3\lib\net10.0\OpenTelemetry.Extensions.Hosting.dll /reference:C:\Users\Ye_Luo\.nuget\packages\opentelemetry.instrumentation.aspnetcore\1.15.2\lib\net10.0\OpenTelemetry.Instrumentation.AspNetCore.dll /reference:C:\Users\Ye_Luo\.nuget\packages\scalar.aspnetcore\2.14.5\lib\net10.0\Scalar.AspNetCore.dll /reference:"C:\Program Files\dotnet\packs\Microsoft.NETCore.App.Ref\10.0.9\ref\net10.0\System.AppContext.dll" /reference:"C:\Program Files\dotnet\packs\Microsoft.NETCore.App.Ref\10.0.9\ref\net10.0\System.Buffers.dll" /reference:"C:\Program Files\dotnet\packs\Microsoft.NETCore.App.Ref\10.0.9\ref\net10.0\System.Collections.Concurrent.dll" /reference:"C:\Program Files\dotnet\packs\Microsoft.NETCore.App.Ref\10.0.9\ref\net10.0\System.Collections.dll" /reference:"C:\Program Files\dotnet\packs\Microsoft.NETCore.App.Ref\10.0.9\ref\net10.0\System.Collections.Immutable.dll" /reference:"C:\Program Files\dotnet\packs\Microsoft.NETCore.App.Ref\10.0.9\ref\net10.0\System.Collections.NonGeneric.dll" /reference:"C:\Program Files\dotnet\packs\Microsoft.NETCore.App.Ref\10.0.9\ref\net10.0\System.Collections.Specialized.dll" /reference:"C:\Program Files\dotnet\packs\Microsoft.NETCore.App.Ref\10.0.9\ref\net10.0\System.ComponentModel.Annotations.dll" /reference:"C:\Program Files\dotnet\packs\Microsoft.NETCore.App.Ref\10.0.9\ref\net10.0\System.ComponentModel.DataAnnotations.dll" /reference:"C:\Program Files\dotnet\packs\Microsoft.NETCore.App.Ref\10.0.9\ref\net10.0\System.ComponentModel.dll" /reference:"C:\Program Files\dotnet\packs\Microsoft.NETCore.App.Ref\10.0.9\ref\net10.0\System.ComponentModel.EventBasedAsync.dll" /reference:"C:\Program Files\dotnet\packs\Microsoft.NETCore.App.Ref\10.0.9\ref\net10.0\System.ComponentModel.Primitives.dll" /reference:"C:\Program Files\dotnet\packs\Microsoft.NETCore.App.Ref\10.0.9\ref\net10.0\System.ComponentModel.TypeConverter.dll" /reference:"C:\Program Files\dotnet\packs\Microsoft.NETCore.App.Ref\10.0.9\ref\net10.0\System.Configuration.dll" /reference:"C:\Program Files\dotnet\packs\Microsoft.NETCore.App.Ref\10.0.9\ref\net10.0\System.Console.dll" /reference:"C:\Program Files\dotnet\packs\Microsoft.NETCore.App.Ref\10.0.9\ref\net10.0\System.Core.dll" /reference:"C:\Program Files\dotnet\packs\Microsoft.NETCore.App.Ref\10.0.9\ref\net10.0\System.Data.Common.dll" /reference:"C:\Program Files\dotnet\packs\Microsoft.NETCore.App.Ref\10.0.9\ref\net10.0\System.Data.DataSetExtensions.dll" /reference:"C:\Program Files\dotnet\packs\Microsoft.NETCore.App.Ref\10.0.9\ref\net10.0\System.Data.dll" /reference:"C:\Program Files\dotnet\packs\Microsoft.NETCore.App.Ref\10.0.9\ref\net10.0\System.Diagnostics.Contracts.dll" /reference:"C:\Program Files\dotnet\packs\Microsoft.NETCore.App.Ref\10.0.9\ref\net10.0\System.Diagnostics.Debug.dll" /reference:"C:\Program Files\dotnet\packs\Microsoft.NETCore.App.Ref\10.0.9\ref\net10.0\System.Diagnostics.DiagnosticSource.dll" /reference:"C:\Program Files\dotnet\packs\Microsoft.AspNetCore.App.Ref\10.0.9\ref\net10.0\System.Diagnostics.EventLog.dll" /reference:"C:\Program Files\dotnet\packs\Microsoft.NETCore.App.Ref\10.0.9\ref\net10.0\System.Diagnostics.FileVersionInfo.dll" /reference:"C:\Program Files\dotnet\packs\Microsoft.NETCore.App.Ref\10.0.9\ref\net10.0\System.Diagnostics.Process.dll" /reference:"C:\Program Files\dotnet\packs\Microsoft.NETCore.App.Ref\10.0.9\ref\net10.0\System.Diagnostics.StackTrace.dll" /reference:"C:\Program Files\dotnet\packs\Microsoft.NETCore.App.Ref\10.0.9\ref\net10.0\System.Diagnostics.TextWriterTraceListener.dll" /reference:"C:\Program Files\dotnet\packs\Microsoft.NETCore.App.Ref\10.0.9\ref\net10.0\System.Diagnostics.Tools.dll" /reference:"C:\Program Files\dotnet\packs\Microsoft.NETCore.App.Ref\10.0.9\ref\net10.0\System.Diagnostics.TraceSource.dll" /reference:"C:\Program Files\dotnet\packs\Microsoft.NETCore.App.Ref\10.0.9\ref\net10.0\System.Diagnostics.Tracing.dll" /reference:"C:\Program Files\dotnet\packs\Microsoft.NETCore.App.Ref\10.0.9\ref\net10.0\System.dll" /reference:"C:\Program Files\dotnet\packs\Microsoft.NETCore.App.Ref\10.0.9\ref\net10.0\System.Drawing.dll" /reference:"C:\Program Files\dotnet\packs\Microsoft.NETCore.App.Ref\10.0.9\ref\net10.0\System.Drawing.Primitives.dll" /reference:"C:\Program Files\dotnet\packs\Microsoft.NETCore.App.Ref\10.0.9\ref\net10.0\System.Dynamic.Runtime.dll" /reference:"C:\Program Files\dotnet\packs\Microsoft.NETCore.App.Ref\10.0.9\ref\net10.0\System.Formats.Asn1.dll" /reference:"C:\Program Files\dotnet\packs\Microsoft.AspNetCore.App.Ref\10.0.9\ref\net10.0\System.Formats.Cbor.dll" /reference:"C:\Program Files\dotnet\packs\Microsoft.NETCore.App.Ref\10.0.9\ref\net10.0\System.Formats.Tar.dll" /reference:"C:\Program Files\dotnet\packs\Microsoft.NETCore.App.Ref\10.0.9\ref\net10.0\System.Globalization.Calendars.dll" /reference:"C:\Program Files\dotnet\packs\Microsoft.NETCore.App.Ref\10.0.9\ref\net10.0\System.Globalization.dll" /reference:"C:\Program Files\dotnet\packs\Microsoft.NETCore.App.Ref\10.0.9\ref\net10.0\System.Globalization.Extensions.dll" /reference:"C:\Program Files\dotnet\packs\Microsoft.NETCore.App.Ref\10.0.9\ref\net10.0\System.IO.Compression.Brotli.dll" /reference:"C:\Program Files\dotnet\packs\Microsoft.NETCore.App.Ref\10.0.9\ref\net10.0\System.IO.Compression.dll" /reference:"C:\Program Files\dotnet\packs\Microsoft.NETCore.App.Ref\10.0.9\ref\net10.0\System.IO.Compression.FileSystem.dll" /reference:"C:\Program Files\dotnet\packs\Microsoft.NETCore.App.Ref\10.0.9\ref\net10.0\System.IO.Compression.ZipFile.dll" /reference:"C:\Program Files\dotnet\packs\Microsoft.NETCore.App.Ref\10.0.9\ref\net10.0\System.IO.dll" /reference:"C:\Program Files\dotnet\packs\Microsoft.NETCore.App.Ref\10.0.9\ref\net10.0\System.IO.FileSystem.AccessControl.dll" /reference:"C:\Program Files\dotnet\packs\Microsoft.NETCore.App.Ref\10.0.9\ref\net10.0\System.IO.FileSystem.dll" /reference:"C:\Program Files\dotnet\packs\Microsoft.NETCore.App.Ref\10.0.9\ref\net10.0\System.IO.FileSystem.DriveInfo.dll" /reference:"C:\Program Files\dotnet\packs\Microsoft.NETCore.App.Ref\10.0.9\ref\net10.0\System.IO.FileSystem.Primitives.dll" /reference:"C:\Program Files\dotnet\packs\Microsoft.NETCore.App.Ref\10.0.9\ref\net10.0\System.IO.FileSystem.Watcher.dll" /reference:"C:\Program Files\dotnet\packs\Microsoft.NETCore.App.Ref\10.0.9\ref\net10.0\System.IO.IsolatedStorage.dll" /reference:"C:\Program Files\dotnet\packs\Microsoft.NETCore.App.Ref\10.0.9\ref\net10.0\System.IO.MemoryMappedFiles.dll" /reference:"C:\Program Files\dotnet\packs\Microsoft.NETCore.App.Ref\10.0.9\ref\net10.0\System.IO.Pipelines.dll" /reference:"C:\Program Files\dotnet\packs\Microsoft.NETCore.App.Ref\10.0.9\ref\net10.0\System.IO.Pipes.AccessControl.dll" /reference:"C:\Program Files\dotnet\packs\Microsoft.NETCore.App.Ref\10.0.9\ref\net10.0\System.IO.Pipes.dll" /reference:"C:\Program Files\dotnet\packs\Microsoft.NETCore.App.Ref\10.0.9\ref\net10.0\System.IO.UnmanagedMemoryStream.dll" /reference:"C:\Program Files\dotnet\packs\Microsoft.NETCore.App.Ref\10.0.9\ref\net10.0\System.Linq.AsyncEnumerable.dll" /reference:"C:\Program Files\dotnet\packs\Microsoft.NETCore.App.Ref\10.0.9\ref\net10.0\System.Linq.dll" /reference:"C:\Program Files\dotnet\packs\Microsoft.NETCore.App.Ref\10.0.9\ref\net10.0\System.Linq.Expressions.dll" /reference:"C:\Program Files\dotnet\packs\Microsoft.NETCore.App.Ref\10.0.9\ref\net10.0\System.Linq.Parallel.dll" /reference:"C:\Program Files\dotnet\packs\Microsoft.NETCore.App.Ref\10.0.9\ref\net10.0\System.Linq.Queryable.dll" /reference:"C:\Program Files\dotnet\packs\Microsoft.NETCore.App.Ref\10.0.9\ref\net10.0\System.Memory.dll" /reference:"C:\Program Files\dotnet\packs\Microsoft.NETCore.App.Ref\10.0.9\ref\net10.0\System.Net.dll" /reference:"C:\Program Files\dotnet\packs\Microsoft.NETCore.App.Ref\10.0.9\ref\net10.0\System.Net.Http.dll" /reference:"C:\Program Files\dotnet\packs\Microsoft.NETCore.App.Ref\10.0.9\ref\net10.0\System.Net.Http.Json.dll" /reference:"C:\Program Files\dotnet\packs\Microsoft.NETCore.App.Ref\10.0.9\ref\net10.0\System.Net.HttpListener.dll" /reference:"C:\Program Files\dotnet\packs\Microsoft.NETCore.App.Ref\10.0.9\ref\net10.0\System.Net.Mail.dll" /reference:"C:\Program Files\dotnet\packs\Microsoft.NETCore.App.Ref\10.0.9\ref\net10.0\System.Net.NameResolution.dll" /reference:"C:\Program Files\dotnet\packs\Microsoft.NETCore.App.Ref\10.0.9\ref\net10.0\System.Net.NetworkInformation.dll" /reference:"C:\Program Files\dotnet\packs\Microsoft.NETCore.App.Ref\10.0.9\ref\net10.0\System.Net.Ping.dll" /reference:"C:\Program Files\dotnet\packs\Microsoft.NETCore.App.Ref\10.0.9\ref\net10.0\System.Net.Primitives.dll" /reference:"C:\Program Files\dotnet\packs\Microsoft.NETCore.App.Ref\10.0.9\ref\net10.0\System.Net.Quic.dll" /reference:"C:\Program Files\dotnet\packs\Microsoft.NETCore.App.Ref\10.0.9\ref\net10.0\System.Net.Requests.dll" /reference:"C:\Program Files\dotnet\packs\Microsoft.NETCore.App.Ref\10.0.9\ref\net10.0\System.Net.Security.dll" /reference:"C:\Program Files\dotnet\packs\Microsoft.NETCore.App.Ref\10.0.9\ref\net10.0\System.Net.ServerSentEvents.dll" /reference:"C:\Program Files\dotnet\packs\Microsoft.NETCore.App.Ref\10.0.9\ref\net10.0\System.Net.ServicePoint.dll" /reference:"C:\Program Files\dotnet\packs\Microsoft.NETCore.App.Ref\10.0.9\ref\net10.0\System.Net.Sockets.dll" /reference:"C:\Program Files\dotnet\packs\Microsoft.NETCore.App.Ref\10.0.9\ref\net10.0\System.Net.WebClient.dll" /reference:"C:\Program Files\dotnet\packs\Microsoft.NETCore.App.Ref\10.0.9\ref\net10.0\System.Net.WebHeaderCollection.dll" /reference:"C:\Program Files\dotnet\packs\Microsoft.NETCore.App.Ref\10.0.9\ref\net10.0\System.Net.WebProxy.dll" /reference:"C:\Program Files\dotnet\packs\Microsoft.NETCore.App.Ref\10.0.9\ref\net10.0\System.Net.WebSockets.Client.dll" /reference:"C:\Program Files\dotnet\packs\Microsoft.NETCore.App.Ref\10.0.9\ref\net10.0\System.Net.WebSockets.dll" /reference:"C:\Program Files\dotnet\packs\Microsoft.NETCore.App.Ref\10.0.9\ref\net10.0\System.Numerics.dll" /reference:C:\Users\Ye_Luo\.nuget\packages\system.numerics.tensors\9.0.0\lib\net9.0\System.Numerics.Tensors.dll /reference:"C:\Program Files\dotnet\packs\Microsoft.NETCore.App.Ref\10.0.9\ref\net10.0\System.Numerics.Vectors.dll" /reference:"C:\Program Files\dotnet\packs\Microsoft.NETCore.App.Ref\10.0.9\ref\net10.0\System.ObjectModel.dll" /reference:"C:\Program Files\dotnet\packs\Microsoft.NETCore.App.Ref\10.0.9\ref\net10.0\System.Reflection.DispatchProxy.dll" /reference:"C:\Program Files\dotnet\packs\Microsoft.NETCore.App.Ref\10.0.9\ref\net10.0\System.Reflection.dll" /reference:"C:\Program Files\dotnet\packs\Microsoft.NETCore.App.Ref\10.0.9\ref\net10.0\System.Reflection.Emit.dll" /reference:"C:\Program Files\dotnet\packs\Microsoft.NETCore.App.Ref\10.0.9\ref\net10.0\System.Reflection.Emit.ILGeneration.dll" /reference:"C:\Program Files\dotnet\packs\Microsoft.NETCore.App.Ref\10.0.9\ref\net10.0\System.Reflection.Emit.Lightweight.dll" /reference:"C:\Program Files\dotnet\packs\Microsoft.NETCore.App.Ref\10.0.9\ref\net10.0\System.Reflection.Extensions.dll" /reference:"C:\Program Files\dotnet\packs\Microsoft.NETCore.App.Ref\10.0.9\ref\net10.0\System.Reflection.Metadata.dll" /reference:"C:\Program Files\dotnet\packs\Microsoft.NETCore.App.Ref\10.0.9\ref\net10.0\System.Reflection.Primitives.dll" /reference:"C:\Program Files\dotnet\packs\Microsoft.NETCore.App.Ref\10.0.9\ref\net10.0\System.Reflection.TypeExtensions.dll" /reference:"C:\Program Files\dotnet\packs\Microsoft.NETCore.App.Ref\10.0.9\ref\net10.0\System.Resources.Reader.dll" /reference:"C:\Program Files\dotnet\packs\Microsoft.NETCore.App.Ref\10.0.9\ref\net10.0\System.Resources.ResourceManager.dll" /reference:"C:\Program Files\dotnet\packs\Microsoft.NETCore.App.Ref\10.0.9\ref\net10.0\System.Resources.Writer.dll" /reference:"C:\Program Files\dotnet\packs\Microsoft.NETCore.App.Ref\10.0.9\ref\net10.0\System.Runtime.CompilerServices.Unsafe.dll" /reference:"C:\Program Files\dotnet\packs\Microsoft.NETCore.App.Ref\10.0.9\ref\net10.0\System.Runtime.CompilerServices.VisualC.dll" /reference:"C:\Program Files\dotnet\packs\Microsoft.NETCore.App.Ref\10.0.9\ref\net10.0\System.Runtime.dll" /reference:"C:\Program Files\dotnet\packs\Microsoft.NETCore.App.Ref\10.0.9\ref\net10.0\System.Runtime.Extensions.dll" /reference:"C:\Program Files\dotnet\packs\Microsoft.NETCore.App.Ref\10.0.9\ref\net10.0\System.Runtime.Handles.dll" /reference:"C:\Program Files\dotnet\packs\Microsoft.NETCore.App.Ref\10.0.9\ref\net10.0\System.Runtime.InteropServices.dll" /reference:"C:\Program Files\dotnet\packs\Microsoft.NETCore.App.Ref\10.0.9\ref\net10.0\System.Runtime.InteropServices.JavaScript.dll" /reference:"C:\Program Files\dotnet\packs\Microsoft.NETCore.App.Ref\10.0.9\ref\net10.0\System.Runtime.InteropServices.RuntimeInformation.dll" /reference:"C:\Program Files\dotnet\packs\Microsoft.NETCore.App.Ref\10.0.9\ref\net10.0\System.Runtime.Intrinsics.dll" /reference:"C:\Program Files\dotnet\packs\Microsoft.NETCore.App.Ref\10.0.9\ref\net10.0\System.Runtime.Loader.dll" /reference:"C:\Program Files\dotnet\packs\Microsoft.NETCore.App.Ref\10.0.9\ref\net10.0\System.Runtime.Numerics.dll" /reference:"C:\Program Files\dotnet\packs\Microsoft.NETCore.App.Ref\10.0.9\ref\net10.0\System.Runtime.Serialization.dll" /reference:"C:\Program Files\dotnet\packs\Microsoft.NETCore.App.Ref\10.0.9\ref\net10.0\System.Runtime.Serialization.Formatters.dll" /reference:"C:\Program Files\dotnet\packs\Microsoft.NETCore.App.Ref\10.0.9\ref\net10.0\System.Runtime.Serialization.Json.dll" /reference:"C:\Program Files\dotnet\packs\Microsoft.NETCore.App.Ref\10.0.9\ref\net10.0\System.Runtime.Serialization.Primitives.dll" /reference:"C:\Program Files\dotnet\packs\Microsoft.NETCore.App.Ref\10.0.9\ref\net10.0\System.Runtime.Serialization.Xml.dll" /reference:"C:\Program Files\dotnet\packs\Microsoft.NETCore.App.Ref\10.0.9\ref\net10.0\System.Security.AccessControl.dll" /reference:"C:\Program Files\dotnet\packs\Microsoft.NETCore.App.Ref\10.0.9\ref\net10.0\System.Security.Claims.dll" /reference:"C:\Program Files\dotnet\packs\Microsoft.NETCore.App.Ref\10.0.9\ref\net10.0\System.Security.Cryptography.Algorithms.dll" /reference:"C:\Program Files\dotnet\packs\Microsoft.NETCore.App.Ref\10.0.9\ref\net10.0\System.Security.Cryptography.Cng.dll" /reference:"C:\Program Files\dotnet\packs\Microsoft.NETCore.App.Ref\10.0.9\ref\net10.0\System.Security.Cryptography.Csp.dll" /reference:"C:\Program Files\dotnet\packs\Microsoft.NETCore.App.Ref\10.0.9\ref\net10.0\System.Security.Cryptography.dll" /reference:"C:\Program Files\dotnet\packs\Microsoft.NETCore.App.Ref\10.0.9\ref\net10.0\System.Security.Cryptography.Encoding.dll" /reference:"C:\Program Files\dotnet\packs\Microsoft.NETCore.App.Ref\10.0.9\ref\net10.0\System.Security.Cryptography.OpenSsl.dll" /reference:"C:\Program Files\dotnet\packs\Microsoft.NETCore.App.Ref\10.0.9\ref\net10.0\System.Security.Cryptography.Primitives.dll" /reference:"C:\Program Files\dotnet\packs\Microsoft.NETCore.App.Ref\10.0.9\ref\net10.0\System.Security.Cryptography.X509Certificates.dll" /reference:"C:\Program Files\dotnet\packs\Microsoft.AspNetCore.App.Ref\10.0.9\ref\net10.0\System.Security.Cryptography.Xml.dll" /reference:"C:\Program Files\dotnet\packs\Microsoft.NETCore.App.Ref\10.0.9\ref\net10.0\System.Security.dll" /reference:"C:\Program Files\dotnet\packs\Microsoft.NETCore.App.Ref\10.0.9\ref\net10.0\System.Security.Principal.dll" /reference:"C:\Program Files\dotnet\packs\Microsoft.NETCore.App.Ref\10.0.9\ref\net10.0\System.Security.Principal.Windows.dll" /reference:"C:\Program Files\dotnet\packs\Microsoft.NETCore.App.Ref\10.0.9\ref\net10.0\System.Security.SecureString.dll" /reference:"C:\Program Files\dotnet\packs\Microsoft.NETCore.App.Ref\10.0.9\ref\net10.0\System.ServiceModel.Web.dll" /reference:"C:\Program Files\dotnet\packs\Microsoft.NETCore.App.Ref\10.0.9\ref\net10.0\System.ServiceProcess.dll" /reference:"C:\Program Files\dotnet\packs\Microsoft.NETCore.App.Ref\10.0.9\ref\net10.0\System.Text.Encoding.CodePages.dll" /reference:"C:\Program Files\dotnet\packs\Microsoft.NETCore.App.Ref\10.0.9\ref\net10.0\System.Text.Encoding.dll" /reference:"C:\Program Files\dotnet\packs\Microsoft.NETCore.App.Ref\10.0.9\ref\net10.0\System.Text.Encoding.Extensions.dll" /reference:"C:\Program Files\dotnet\packs\Microsoft.NETCore.App.Ref\10.0.9\ref\net10.0\System.Text.Encodings.Web.dll" /reference:"C:\Program Files\dotnet\packs\Microsoft.NETCore.App.Ref\10.0.9\ref\net10.0\System.Text.Json.dll" /reference:"C:\Program Files\dotnet\packs\Microsoft.NETCore.App.Ref\10.0.9\ref\net10.0\System.Text.RegularExpressions.dll" /reference:"C:\Program Files\dotnet\packs\Microsoft.NETCore.App.Ref\10.0.9\ref\net10.0\System.Threading.AccessControl.dll" /reference:"C:\Program Files\dotnet\packs\Microsoft.NETCore.App.Ref\10.0.9\ref\net10.0\System.Threading.Channels.dll" /reference:"C:\Program Files\dotnet\packs\Microsoft.NETCore.App.Ref\10.0.9\ref\net10.0\System.Threading.dll" /reference:"C:\Program Files\dotnet\packs\Microsoft.NETCore.App.Ref\10.0.9\ref\net10.0\System.Threading.Overlapped.dll" /reference:"C:\Program Files\dotnet\packs\Microsoft.AspNetCore.App.Ref\10.0.9\ref\net10.0\System.Threading.RateLimiting.dll" /reference:"C:\Program Files\dotnet\packs\Microsoft.NETCore.App.Ref\10.0.9\ref\net10.0\System.Threading.Tasks.Dataflow.dll" /reference:"C:\Program Files\dotnet\packs\Microsoft.NETCore.App.Ref\10.0.9\ref\net10.0\System.Threading.Tasks.dll" /reference:"C:\Program Files\dotnet\packs\Microsoft.NETCore.App.Ref\10.0.9\ref\net10.0\System.Threading.Tasks.Extensions.dll" /reference:"C:\Program Files\dotnet\packs\Microsoft.NETCore.App.Ref\10.0.9\ref\net10.0\System.Threading.Tasks.Parallel.dll" /reference:"C:\Program Files\dotnet\packs\Microsoft.NETCore.App.Ref\10.0.9\ref\net10.0\System.Threading.Thread.dll" /reference:"C:\Program Files\dotnet\packs\Microsoft.NETCore.App.Ref\10.0.9\ref\net10.0\System.Threading.ThreadPool.dll" /reference:"C:\Program Files\dotnet\packs\Microsoft.NETCore.App.Ref\10.0.9\ref\net10.0\System.Threading.Timer.dll" /reference:"C:\Program Files\dotnet\packs\Microsoft.NETCore.App.Ref\10.0.9\ref\net10.0\System.Transactions.dll" /reference:"C:\Program Files\dotnet\packs\Microsoft.NETCore.App.Ref\10.0.9\ref\net10.0\System.Transactions.Local.dll" /reference:"C:\Program Files\dotnet\packs\Microsoft.NETCore.App.Ref\10.0.9\ref\net10.0\System.ValueTuple.dll" /reference:"C:\Program Files\dotnet\packs\Microsoft.NETCore.App.Ref\10.0.9\ref\net10.0\System.Web.dll" /reference:"C:\Program Files\dotnet\packs\Microsoft.NETCore.App.Ref\10.0.9\ref\net10.0\System.Web.HttpUtility.dll" /reference:"C:\Program Files\dotnet\packs\Microsoft.NETCore.App.Ref\10.0.9\ref\net10.0\System.Windows.dll" /reference:"C:\Program Files\dotnet\packs\Microsoft.NETCore.App.Ref\10.0.9\ref\net10.0\System.Xml.dll" /reference:"C:\Program Files\dotnet\packs\Microsoft.NETCore.App.Ref\10.0.9\ref\net10.0\System.Xml.Linq.dll" /reference:"C:\Program Files\dotnet\packs\Microsoft.NETCore.App.Ref\10.0.9\ref\net10.0\System.Xml.ReaderWriter.dll" /reference:"C:\Program Files\dotnet\packs\Microsoft.NETCore.App.Ref\10.0.9\ref\net10.0\System.Xml.Serialization.dll" /reference:"C:\Program Files\dotnet\packs\Microsoft.NETCore.App.Ref\10.0.9\ref\net10.0\System.Xml.XDocument.dll" /reference:"C:\Program Files\dotnet\packs\Microsoft.NETCore.App.Ref\10.0.9\ref\net10.0\System.Xml.XmlDocument.dll" /reference:"C:\Program Files\dotnet\packs\Microsoft.NETCore.App.Ref\10.0.9\ref\net10.0\System.Xml.XmlSerializer.dll" /reference:"C:\Program Files\dotnet\packs\Microsoft.NETCore.App.Ref\10.0.9\ref\net10.0\System.Xml.XPath.dll" /reference:"C:\Program Files\dotnet\packs\Microsoft.NETCore.App.Ref\10.0.9\ref\net10.0\System.Xml.XPath.XDocument.dll" /reference:C:\Users\Ye_Luo\.nuget\packages\microsoft.testplatform.testhost\17.10.0-preview-24080-01\lib\netcoreapp3.1\testhost.dll /reference:"C:\Program Files\dotnet\packs\Microsoft.NETCore.App.Ref\10.0.9\ref\net10.0\WindowsBase.dll" /features:"InterceptorsNamespaces=;Microsoft.Extensions.Validation.Generated" /debug+ /debug:portable /filealign:512 /optimize- /out:obj\Debug\net10.0\ContextCore.Tests.dll /refout:obj\Debug\net10.0\refint\ContextCore.Tests.dll /target:exe /warnaserror- /utf8output /deterministic+ /sourcelink:obj\Debug\net10.0\ContextCore.Tests.sourcelink.json /langversion:14.0 /embed:C:\Users\Ye_Luo\.nuget\packages\microsoft.net.test.sdk\17.10.0-preview-24080-01\build\netcoreapp3.1\Microsoft.NET.Test.Sdk.Program.cs /embed:obj\Debug\net10.0\ContextCore.Tests.GlobalUsings.g.cs /embed:"obj\Debug\net10.0\.NETCoreApp,Version=v10.0.AssemblyAttributes.cs" /embed:obj\Debug\net10.0\ContextCore.Tests.AssemblyInfo.cs /analyzerconfig:obj\Debug\net10.0\ContextCore.Tests.GeneratedMSBuildEditorConfig.editorconfig /analyzerconfig:"C:\Program Files\dotnet\sdk\10.0.301\Sdks\Microsoft.NET.Sdk\analyzers\build\config\analysislevel_10_default.globalconfig" /analyzer:"C:\Program Files\dotnet\sdk\10.0.301\Sdks\Microsoft.NET.Sdk\targets\..\analyzers\Microsoft.CodeAnalysis.CSharp.NetAnalyzers.dll" /analyzer:"C:\Program Files\dotnet\sdk\10.0.301\Sdks\Microsoft.NET.Sdk\targets\..\analyzers\Microsoft.CodeAnalysis.NetAnalyzers.dll" /analyzer:C:\Users\Ye_Luo\.nuget\packages\microsoft.aspnetcore.openapi\10.0.7\analyzers\dotnet\cs\Microsoft.AspNetCore.OpenApi.SourceGenerators.dll /analyzer:"C:\Program Files\dotnet\packs\Microsoft.NETCore.App.Ref\10.0.9\analyzers/dotnet/cs/Microsoft.Interop.ComInterfaceGenerator.dll" /analyzer:"C:\Program Files\dotnet\packs\Microsoft.NETCore.App.Ref\10.0.9\analyzers/dotnet/cs/Microsoft.Interop.JavaScript.JSImportGenerator.dll" /analyzer:"C:\Program Files\dotnet\packs\Microsoft.NETCore.App.Ref\10.0.9\analyzers/dotnet/cs/Microsoft.Interop.LibraryImportGenerator.dll" /analyzer:"C:\Program Files\dotnet\packs\Microsoft.NETCore.App.Ref\10.0.9\analyzers/dotnet/cs/Microsoft.Interop.SourceGeneration.dll" /analyzer:"C:\Program Files\dotnet\packs\Microsoft.NETCore.App.Ref\10.0.9\analyzers/dotnet/cs/System.Text.Json.SourceGeneration.dll" /analyzer:"C:\Program Files\dotnet\packs\Microsoft.NETCore.App.Ref\10.0.9\analyzers/dotnet/cs/System.Text.RegularExpressions.Generator.dll" /analyzer:"C:\Program Files\dotnet\packs\Microsoft.AspNetCore.App.Ref\10.0.9\analyzers/dotnet/cs/Microsoft.AspNetCore.App.Analyzers.dll" /analyzer:"C:\Program Files\dotnet\packs\Microsoft.AspNetCore.App.Ref\10.0.9\analyzers/dotnet/cs/Microsoft.AspNetCore.App.CodeFixes.dll" /analyzer:"C:\Program Files\dotnet\packs\Microsoft.AspNetCore.App.Ref\10.0.9\analyzers/dotnet/cs/Microsoft.AspNetCore.App.SourceGenerators.dll" /analyzer:"C:\Program Files\dotnet\packs\Microsoft.AspNetCore.App.Ref\10.0.9\analyzers/dotnet/cs/Microsoft.AspNetCore.Components.Analyzers.dll" /analyzer:"C:\Program Files\dotnet\packs\Microsoft.AspNetCore.App.Ref\10.0.9\analyzers/dotnet/cs/Microsoft.Extensions.Validation.ValidationsGenerator.dll" /analyzer:"C:\Program Files\dotnet\packs\Microsoft.AspNetCore.App.Ref\10.0.9\analyzers/dotnet/cs/Microsoft.Extensions.Logging.Generators.dll" /analyzer:"C:\Program Files\dotnet\packs\Microsoft.AspNetCore.App.Ref\10.0.9\analyzers/dotnet/cs/Microsoft.Extensions.Options.SourceGeneration.dll" AsyncTraceWriterTests.cs ContextCoreAdapterNoOpBindingTests.cs ContextCoreAttentionProfileSelectionTests.cs ContextCoreAttentionScorerTests.cs ContextCoreCandidateConstraintReviewTests.cs ContextCoreCandidateMemoryGovernanceTests.cs ContextCoreClientTests.cs ContextCoreConstraintGapCandidateTests.cs ContextCoreControlRoomRetrievalTests.cs ContextCoreControlRoomServiceModeTests.cs ContextCoreDecisionTraceTests.cs ContextCoreDiagnosticsTests.cs ContextCoreEmbeddingAbstractionTests.cs ContextCoreEvalRunnerTests.cs ContextCoreEvalSampleLoaderTests.cs ContextCoreEvalSampleTests.cs ContextCoreFallbackReportTests.cs ContextCoreFileSystemConcurrencyTests.cs ContextCoreFilesystemLayoutTests.cs ContextCoreFormalAdapterInputContractTests.cs ContextCoreFormalRetrievalIntegrationDecisionTests.cs ContextCoreGraphExpansionShadowTraceTests.cs ContextCoreGraphProjectionTaxonomyTests.cs ContextCoreGraphTraversalSafetyTests.cs ContextCoreGraphUISubgraphTests.cs ContextCoreHybridRetrievalTests.cs ContextCoreInputPipelineTests.cs ContextCoreLearningCaseGeneratorTests.cs ContextCoreLearningFeatureDatasetTests.cs ContextCoreLearningOfflineBaselineTests.cs ContextCoreLifecycleAwareRankerShadowTests.cs ContextCoreMvpTests.cs ContextCoreNativeTraceReadinessContractTests.cs ContextCoreOutputTokenPriorityShadowGateTests.cs ContextCorePackageBuilderA1Tests.cs ContextCorePathSecurityTests.cs ContextCorePhase0Tests.cs ContextCorePlanningShadowTests.cs ContextCorePlanningSnapshotTests.cs ContextCorePolicyFeedbackDatasetTests.cs ContextCorePolicyMigrationSnapshotTests.cs ContextCorePostgresStorageTests.cs ContextCoreProjectStateAuditTests.cs ContextCorePromotionCandidateFactoryTests.cs ContextCorePromotionCandidateStoreTests.cs ContextCorePromotionEvalRunnerTests.cs ContextCorePromotionPolicyEvaluatorTests.cs ContextCorePromotionReviewControlRoomTests.cs ContextCoreRelationExpansionShadowEvalTests.cs ContextCoreRelationGraphValidationTests.cs ContextCoreRelationMigrationTests.cs ContextCoreRelationStateSingleSourceTests.cs ContextCoreRetrievalDatasetAlignmentAuditTests.cs ContextCoreRetrievalDatasetV2MetadataContractTests.cs ContextCoreRunbookTests.cs ContextCoreRuntimeFeatureDerivationFailureFreezeTests.cs ContextCoreScopedShadowAdapterTests.cs ContextCoreServiceSmokeTests.cs ContextCoreShadowFormalRetrievalAdapterTests.cs ContextCoreShortTermMemoryCompactionTests.cs ContextCoreShortTermPromotionCandidateTests.cs ContextCoreStableMemoryGovernanceTests.cs ContextCoreStableReviewCandidateTests.cs ContextCoreTraceConcurrencyTests.cs ContextCoreVectorIndexFoundationTests.cs ContextCoreVectorLifecycleMetadataReviewCandidateTests.cs DecisionEvidenceContractTests.cs EvalSubcommandRegistryTests.cs FileSystemRelationStoreContractTests.cs FileSystemStoreConcurrencyTests.cs InMemoryRelationStoreContractTests.cs RelationStoreContractBase.cs RouterIntentDatasetProviderTests.cs StorageProviderBehaviorContractTests.cs StorageProviderCapabilityMatrixTests.cs StorageProviderRegistrationTests.cs TestRepoFileResolver.cs C:\Users\Ye_Luo\.nuget\packages\microsoft.net.test.sdk\17.10.0-preview-24080-01\build\netcoreapp3.1\Microsoft.NET.Test.Sdk.Program.cs obj\Debug\net10.0\ContextCore.Tests.GlobalUsings.g.cs "obj\Debug\net10.0\.NETCoreApp,Version=v10.0.AssemblyAttributes.cs" obj\Debug\net10.0\ContextCore.Tests.AssemblyInfo.cs /warnaserror+:NU1605,SYSLIB0011
         Compilation request ContextCore.Tests (net10.0), PathToTool=C:\Program Files\dotnet\sdk\10.0.301\Roslyn\bincore\csc.exe
         CommandLine = ' /noconfig'
    15>CoreCompile:
       正在跳过目标“CoreCompile”，因为所有输出文件相对于输入文件而言都是最新的。
    18>CoreCompile:
         BuildResponseFile = '/unsafe- /checked- /nowarn:1701,1702,1701,1702,8002 /fullpaths /nostdlib+ /errorreport:prompt /warn:10 /define:TRACE;DEBUG;NET;NET10_0;NETCOREAPP;NET5_0_OR_GREATER;NET6_0_OR_GREATER;NET7_0_OR_GREATER;NET8_0_OR_GREATER;NET9_0_OR_GREATER;NET10_0_OR_GREATER;NETCOREAPP1_0_OR_GREATER;NETCOREAPP1_1_OR_GREATER;NETCOREAPP2_0_OR_GREATER;NETCOREAPP2_1_OR_GREATER;NETCOREAPP2_2_OR_GREATER;NETCOREAPP3_0_OR_GREATER;NETCOREAPP3_1_OR_GREATER /highentropyva+ /nullable:enable /reference:D:\Users\Ye_Luo\AppData\Local\Context\src\ContextCore.Abstractions\obj\Debug\net10.0\ref\ContextCore.Abstractions.dll /reference:D:\Users\Ye_Luo\AppData\Local\Context\src\ContextCore.Client\obj\Debug\net10.0\ref\ContextCore.Client.dll /reference:D:\Users\Ye_Luo\AppData\Local\Context\src\ContextCore.ControlRoom\obj\Debug\net10.0\ref\ContextCore.ControlRoom.dll /reference:D:\Users\Ye_Luo\AppData\Local\Context\src\ContextCore.Core\obj\Debug\net10.0\ref\ContextCore.Core.dll /reference:D:\Users\Ye_Luo\AppData\Local\Context\src\ContextCore.Embedding\obj\Debug\net10.0\ref\ContextCore.Embedding.dll /reference:D:\Users\Ye_Luo\AppData\Local\Context\src\ContextCore.Evaluation.Contracts\obj\Debug\net10.0\ref\ContextCore.Evaluation.Contracts.dll /reference:D:\Users\Ye_Luo\AppData\Local\Context\src\ContextCore.Evaluation\obj\Debug\net10.0\ref\ContextCore.Evaluation.dll /reference:D:\Users\Ye_Luo\AppData\Local\Context\src\ContextCore.ModelGateway\obj\Debug\net10.0\ref\ContextCore.ModelGateway.dll /reference:D:\Users\Ye_Luo\AppData\Local\Context\src\ContextCore.Runtime\obj\Debug\net10.0\ref\ContextCore.Runtime.dll /reference:D:\Users\Ye_Luo\AppData\Local\Context\src\ContextCore.Service\obj\Debug\net10.0\ref\ContextCore.Service.dll /reference:D:\Users\Ye_Luo\AppData\Local\Context\src\ContextCore.Storage.FileSystem\obj\Debug\net10.0\ref\ContextCore.Storage.FileSystem.dll /reference:D:\Users\Ye_Luo\AppData\Local\Context\src\ContextCore.Storage.InMemory\obj\Debug\net10.0\ref\ContextCore.Storage.InMemory.dll /reference:D:\Users\Ye_Luo\AppData\Local\Context\src\ContextCore.Storage.Postgres\obj\Debug\net10.0\ref\ContextCore.Storage.Postgres.dll /reference:D:\Users\Ye_Luo\AppData\Local\Context\src\ContextCore.Storage.Shared\obj\Debug\net10.0\ref\ContextCore.Storage.Shared.dll /reference:C:\Users\Ye_Luo\.nuget\packages\google.protobuf\3.30.2\lib\net5.0\Google.Protobuf.dll /reference:"C:\Program Files\dotnet\packs\Microsoft.AspNetCore.App.Ref\10.0.9\ref\net10.0\Microsoft.AspNetCore.Antiforgery.dll" /reference:"C:\Program Files\dotnet\packs\Microsoft.AspNetCore.App.Ref\10.0.9\ref\net10.0\Microsoft.AspNetCore.Authentication.Abstractions.dll" /reference:"C:\Program Files\dotnet\packs\Microsoft.AspNetCore.App.Ref\10.0.9\ref\net10.0\Microsoft.AspNetCore.Authentication.BearerToken.dll" /reference:"C:\Program Files\dotnet\packs\Microsoft.AspNetCore.App.Ref\10.0.9\ref\net10.0\Microsoft.AspNetCore.Authentication.Cookies.dll" /reference:"C:\Program Files\dotnet\packs\Microsoft.AspNetCore.App.Ref\10.0.9\ref\net10.0\Microsoft.AspNetCore.Authentication.Core.dll" /reference:"C:\Program Files\dotnet\packs\Microsoft.AspNetCore.App.Ref\10.0.9\ref\net10.0\Microsoft.AspNetCore.Authentication.dll" /reference:"C:\Program Files\dotnet\packs\Microsoft.AspNetCore.App.Ref\10.0.9\ref\net10.0\Microsoft.AspNetCore.Authentication.OAuth.dll" /reference:"C:\Program Files\dotnet\packs\Microsoft.AspNetCore.App.Ref\10.0.9\ref\net10.0\Microsoft.AspNetCore.Authorization.dll" /reference:"C:\Program Files\dotnet\packs\Microsoft.AspNetCore.App.Ref\10.0.9\ref\net10.0\Microsoft.AspNetCore.Authorization.Policy.dll" /reference:"C:\Program Files\dotnet\packs\Microsoft.AspNetCore.App.Ref\10.0.9\ref\net10.0\Microsoft.AspNetCore.Components.Authorization.dll" /reference:"C:\Program Files\dotnet\packs\Microsoft.AspNetCore.App.Ref\10.0.9\ref\net10.0\Microsoft.AspNetCore.Components.dll" /reference:"C:\Program Files\dotnet\packs\Microsoft.AspNetCore.App.Ref\10.0.9\ref\net10.0\Microsoft.AspNetCore.Components.Endpoints.dll" /reference:"C:\Program Files\dotnet\packs\Microsoft.AspNetCore.App.Ref\10.0.9\ref\net10.0\Microsoft.AspNetCore.Components.Forms.dll" /reference:"C:\Program Files\dotnet\packs\Microsoft.AspNetCore.App.Ref\10.0.9\ref\net10.0\Microsoft.AspNetCore.Components.Server.dll" /reference:"C:\Program Files\dotnet\packs\Microsoft.AspNetCore.App.Ref\10.0.9\ref\net10.0\Microsoft.AspNetCore.Components.Web.dll" /reference:"C:\Program Files\dotnet\packs\Microsoft.AspNetCore.App.Ref\10.0.9\ref\net10.0\Microsoft.AspNetCore.Connections.Abstractions.dll" /reference:"C:\Program Files\dotnet\packs\Microsoft.AspNetCore.App.Ref\10.0.9\ref\net10.0\Microsoft.AspNetCore.CookiePolicy.dll" /reference:"C:\Program Files\dotnet\packs\Microsoft.AspNetCore.App.Ref\10.0.9\ref\net10.0\Microsoft.AspNetCore.Cors.dll" /reference:"C:\Program Files\dotnet\packs\Microsoft.AspNetCore.App.Ref\10.0.9\ref\net10.0\Microsoft.AspNetCore.Cryptography.Internal.dll" /reference:"C:\Program Files\dotnet\packs\Microsoft.AspNetCore.App.Ref\10.0.9\ref\net10.0\Microsoft.AspNetCore.Cryptography.KeyDerivation.dll" /reference:"C:\Program Files\dotnet\packs\Microsoft.AspNetCore.App.Ref\10.0.9\ref\net10.0\Microsoft.AspNetCore.DataProtection.Abstractions.dll" /reference:"C:\Program Files\dotnet\packs\Microsoft.AspNetCore.App.Ref\10.0.9\ref\net10.0\Microsoft.AspNetCore.DataProtection.dll" /reference:"C:\Program Files\dotnet\packs\Microsoft.AspNetCore.App.Ref\10.0.9\ref\net10.0\Microsoft.AspNetCore.DataProtection.Extensions.dll" /reference:"C:\Program Files\dotnet\packs\Microsoft.AspNetCore.App.Ref\10.0.9\ref\net10.0\Microsoft.AspNetCore.Diagnostics.Abstractions.dll" /reference:"C:\Program Files\dotnet\packs\Microsoft.AspNetCore.App.Ref\10.0.9\ref\net10.0\Microsoft.AspNetCore.Diagnostics.dll" /reference:"C:\Program Files\dotnet\packs\Microsoft.AspNetCore.App.Ref\10.0.9\ref\net10.0\Microsoft.AspNetCore.Diagnostics.HealthChecks.dll" /reference:"C:\Program Files\dotnet\packs\Microsoft.AspNetCore.App.Ref\10.0.9\ref\net10.0\Microsoft.AspNetCore.dll" /reference:"C:\Program Files\dotnet\packs\Microsoft.AspNetCore.App.Ref\10.0.9\ref\net10.0\Microsoft.AspNetCore.HostFiltering.dll" /reference:"C:\Program Files\dotnet\packs\Microsoft.AspNetCore.App.Ref\10.0.9\ref\net10.0\Microsoft.AspNetCore.Hosting.Abstractions.dll" /reference:"C:\Program Files\dotnet\packs\Microsoft.AspNetCore.App.Ref\10.0.9\ref\net10.0\Microsoft.AspNetCore.Hosting.dll" /reference:"C:\Program Files\dotnet\packs\Microsoft.AspNetCore.App.Ref\10.0.9\ref\net10.0\Microsoft.AspNetCore.Hosting.Server.Abstractions.dll" /reference:"C:\Program Files\dotnet\packs\Microsoft.AspNetCore.App.Ref\10.0.9\ref\net10.0\Microsoft.AspNetCore.Html.Abstractions.dll" /reference:"C:\Program Files\dotnet\packs\Microsoft.AspNetCore.App.Ref\10.0.9\ref\net10.0\Microsoft.AspNetCore.Http.Abstractions.dll" /reference:"C:\Program Files\dotnet\packs\Microsoft.AspNetCore.App.Ref\10.0.9\ref\net10.0\Microsoft.AspNetCore.Http.Connections.Common.dll" /reference:"C:\Program Files\dotnet\packs\Microsoft.AspNetCore.App.Ref\10.0.9\ref\net10.0\Microsoft.AspNetCore.Http.Connections.dll" /reference:"C:\Program Files\dotnet\packs\Microsoft.AspNetCore.App.Ref\10.0.9\ref\net10.0\Microsoft.AspNetCore.Http.dll" /reference:"C:\Program Files\dotnet\packs\Microsoft.AspNetCore.App.Ref\10.0.9\ref\net10.0\Microsoft.AspNetCore.Http.Extensions.dll" /reference:"C:\Program Files\dotnet\packs\Microsoft.AspNetCore.App.Ref\10.0.9\ref\net10.0\Microsoft.AspNetCore.Http.Features.dll" /reference:"C:\Program Files\dotnet\packs\Microsoft.AspNetCore.App.Ref\10.0.9\ref\net10.0\Microsoft.AspNetCore.Http.Results.dll" /reference:"C:\Program Files\dotnet\packs\Microsoft.AspNetCore.App.Ref\10.0.9\ref\net10.0\Microsoft.AspNetCore.HttpLogging.dll" /reference:"C:\Program Files\dotnet\packs\Microsoft.AspNetCore.App.Ref\10.0.9\ref\net10.0\Microsoft.AspNetCore.HttpOverrides.dll" /reference:"C:\Program Files\dotnet\packs\Microsoft.AspNetCore.App.Ref\10.0.9\ref\net10.0\Microsoft.AspNetCore.HttpsPolicy.dll" /reference:"C:\Program Files\dotnet\packs\Microsoft.AspNetCore.App.Ref\10.0.9\ref\net10.0\Microsoft.AspNetCore.Identity.dll" /reference:"C:\Program Files\dotnet\packs\Microsoft.AspNetCore.App.Ref\10.0.9\ref\net10.0\Microsoft.AspNetCore.Localization.dll" /reference:"C:\Program Files\dotnet\packs\Microsoft.AspNetCore.App.Ref\10.0.9\ref\net10.0\Microsoft.AspNetCore.Localization.Routing.dll" /reference:"C:\Program Files\dotnet\packs\Microsoft.AspNetCore.App.Ref\10.0.9\ref\net10.0\Microsoft.AspNetCore.Metadata.dll" /reference:"C:\Program Files\dotnet\packs\Microsoft.AspNetCore.App.Ref\10.0.9\ref\net10.0\Microsoft.AspNetCore.Mvc.Abstractions.dll" /reference:"C:\Program Files\dotnet\packs\Microsoft.AspNetCore.App.Ref\10.0.9\ref\net10.0\Microsoft.AspNetCore.Mvc.ApiExplorer.dll" /reference:"C:\Program Files\dotnet\packs\Microsoft.AspNetCore.App.Ref\10.0.9\ref\net10.0\Microsoft.AspNetCore.Mvc.Core.dll" /reference:"C:\Program Files\dotnet\packs\Microsoft.AspNetCore.App.Ref\10.0.9\ref\net10.0\Microsoft.AspNetCore.Mvc.Cors.dll" /reference:"C:\Program Files\dotnet\packs\Microsoft.AspNetCore.App.Ref\10.0.9\ref\net10.0\Microsoft.AspNetCore.Mvc.DataAnnotations.dll" /reference:"C:\Program Files\dotnet\packs\Microsoft.AspNetCore.App.Ref\10.0.9\ref\net10.0\Microsoft.AspNetCore.Mvc.dll" /reference:"C:\Program Files\dotnet\packs\Microsoft.AspNetCore.App.Ref\10.0.9\ref\net10.0\Microsoft.AspNetCore.Mvc.Formatters.Json.dll" /reference:"C:\Program Files\dotnet\packs\Microsoft.AspNetCore.App.Ref\10.0.9\ref\net10.0\Microsoft.AspNetCore.Mvc.Formatters.Xml.dll" /reference:"C:\Program Files\dotnet\packs\Microsoft.AspNetCore.App.Ref\10.0.9\ref\net10.0\Microsoft.AspNetCore.Mvc.Localization.dll" /reference:"C:\Program Files\dotnet\packs\Microsoft.AspNetCore.App.Ref\10.0.9\ref\net10.0\Microsoft.AspNetCore.Mvc.Razor.dll" /reference:"C:\Program Files\dotnet\packs\Microsoft.AspNetCore.App.Ref\10.0.9\ref\net10.0\Microsoft.AspNetCore.Mvc.RazorPages.dll" /reference:"C:\Program Files\dotnet\packs\Microsoft.AspNetCore.App.Ref\10.0.9\ref\net10.0\Microsoft.AspNetCore.Mvc.TagHelpers.dll" /reference:C:\Users\Ye_Luo\.nuget\packages\microsoft.aspnetcore.mvc.testing\10.0.7\lib\net10.0\Microsoft.AspNetCore.Mvc.Testing.dll /reference:"C:\Program Files\dotnet\packs\Microsoft.AspNetCore.App.Ref\10.0.9\ref\net10.0\Microsoft.AspNetCore.Mvc.ViewFeatures.dll" /reference:C:\Users\Ye_Luo\.nuget\packages\microsoft.aspnetcore.openapi\10.0.7\lib\net10.0\Microsoft.AspNetCore.OpenApi.dll /reference:"C:\Program Files\dotnet\packs\Microsoft.AspNetCore.App.Ref\10.0.9\ref\net10.0\Microsoft.AspNetCore.OutputCaching.dll" /reference:"C:\Program Files\dotnet\packs\Microsoft.AspNetCore.App.Ref\10.0.9\ref\net10.0\Microsoft.AspNetCore.RateLimiting.dll" /reference:"C:\Program Files\dotnet\packs\Microsoft.AspNetCore.App.Ref\10.0.9\ref\net10.0\Microsoft.AspNetCore.Razor.dll" /reference:"C:\Program Files\dotnet\packs\Microsoft.AspNetCore.App.Ref\10.0.9\ref\net10.0\Microsoft.AspNetCore.Razor.Runtime.dll" /reference:"C:\Program Files\dotnet\packs\Microsoft.AspNetCore.App.Ref\10.0.9\ref\net10.0\Microsoft.AspNetCore.RequestDecompression.dll" /reference:"C:\Program Files\dotnet\packs\Microsoft.AspNetCore.App.Ref\10.0.9\ref\net10.0\Microsoft.AspNetCore.ResponseCaching.Abstractions.dll" /reference:"C:\Program Files\dotnet\packs\Microsoft.AspNetCore.App.Ref\10.0.9\ref\net10.0\Microsoft.AspNetCore.ResponseCaching.dll" /reference:"C:\Program Files\dotnet\packs\Microsoft.AspNetCore.App.Ref\10.0.9\ref\net10.0\Microsoft.AspNetCore.ResponseCompression.dll" /reference:"C:\Program Files\dotnet\packs\Microsoft.AspNetCore.App.Ref\10.0.9\ref\net10.0\Microsoft.AspNetCore.Rewrite.dll" /reference:"C:\Program Files\dotnet\packs\Microsoft.AspNetCore.App.Ref\10.0.9\ref\net10.0\Microsoft.AspNetCore.Routing.Abstractions.dll" /reference:"C:\Program Files\dotnet\packs\Microsoft.AspNetCore.App.Ref\10.0.9\ref\net10.0\Microsoft.AspNetCore.Routing.dll" /reference:"C:\Program Files\dotnet\packs\Microsoft.AspNetCore.App.Ref\10.0.9\ref\net10.0\Microsoft.AspNetCore.Server.HttpSys.dll" /reference:"C:\Program Files\dotnet\packs\Microsoft.AspNetCore.App.Ref\10.0.9\ref\net10.0\Microsoft.AspNetCore.Server.IIS.dll" /reference:"C:\Program Files\dotnet\packs\Microsoft.AspNetCore.App.Ref\10.0.9\ref\net10.0\Microsoft.AspNetCore.Server.IISIntegration.dll" /reference:"C:\Program Files\dotnet\packs\Microsoft.AspNetCore.App.Ref\10.0.9\ref\net10.0\Microsoft.AspNetCore.Server.Kestrel.Core.dll" /reference:"C:\Program Files\dotnet\packs\Microsoft.AspNetCore.App.Ref\10.0.9\ref\net10.0\Microsoft.AspNetCore.Server.Kestrel.dll" /reference:"C:\Program Files\dotnet\packs\Microsoft.AspNetCore.App.Ref\10.0.9\ref\net10.0\Microsoft.AspNetCore.Server.Kestrel.Transport.NamedPipes.dll" /reference:"C:\Program Files\dotnet\packs\Microsoft.AspNetCore.App.Ref\10.0.9\ref\net10.0\Microsoft.AspNetCore.Server.Kestrel.Transport.Quic.dll" /reference:"C:\Program Files\dotnet\packs\Microsoft.AspNetCore.App.Ref\10.0.9\ref\net10.0\Microsoft.AspNetCore.Server.Kestrel.Transport.Sockets.dll" /reference:"C:\Program Files\dotnet\packs\Microsoft.AspNetCore.App.Ref\10.0.9\ref\net10.0\Microsoft.AspNetCore.Session.dll" /reference:"C:\Program Files\dotnet\packs\Microsoft.AspNetCore.App.Ref\10.0.9\ref\net10.0\Microsoft.AspNetCore.SignalR.Common.dll" /reference:"C:\Program Files\dotnet\packs\Microsoft.AspNetCore.App.Ref\10.0.9\ref\net10.0\Microsoft.AspNetCore.SignalR.Core.dll" /reference:"C:\Program Files\dotnet\packs\Microsoft.AspNetCore.App.Ref\10.0.9\ref\net10.0\Microsoft.AspNetCore.SignalR.dll" /reference:"C:\Program Files\dotnet\packs\Microsoft.AspNetCore.App.Ref\10.0.9\ref\net10.0\Microsoft.AspNetCore.SignalR.Protocols.Json.dll" /reference:"C:\Program Files\dotnet\packs\Microsoft.AspNetCore.App.Ref\10.0.9\ref\net10.0\Microsoft.AspNetCore.StaticAssets.dll" /reference:"C:\Program Files\dotnet\packs\Microsoft.AspNetCore.App.Ref\10.0.9\ref\net10.0\Microsoft.AspNetCore.StaticFiles.dll" /reference:C:\Users\Ye_Luo\.nuget\packages\microsoft.aspnetcore.testhost\10.0.7\lib\net10.0\Microsoft.AspNetCore.TestHost.dll /reference:"C:\Program Files\dotnet\packs\Microsoft.AspNetCore.App.Ref\10.0.9\ref\net10.0\Microsoft.AspNetCore.WebSockets.dll" /reference:"C:\Program Files\dotnet\packs\Microsoft.AspNetCore.App.Ref\10.0.9\ref\net10.0\Microsoft.AspNetCore.WebUtilities.dll" /reference:"C:\Program Files\dotnet\packs\Microsoft.NETCore.App.Ref\10.0.9\ref\net10.0\Microsoft.CSharp.dll" /reference:"C:\Program Files\dotnet\packs\Microsoft.AspNetCore.App.Ref\10.0.9\ref\net10.0\Microsoft.Extensions.Caching.Abstractions.dll" /reference:"C:\Program Files\dotnet\packs\Microsoft.AspNetCore.App.Ref\10.0.9\ref\net10.0\Microsoft.Extensions.Caching.Memory.dll" /reference:"C:\Program Files\dotnet\packs\Microsoft.AspNetCore.App.Ref\10.0.9\ref\net10.0\Microsoft.Extensions.Configuration.Abstractions.dll" /reference:"C:\Program Files\dotnet\packs\Microsoft.AspNetCore.App.Ref\10.0.9\ref\net10.0\Microsoft.Extensions.Configuration.Binder.dll" /reference:"C:\Program Files\dotnet\packs\Microsoft.AspNetCore.App.Ref\10.0.9\ref\net10.0\Microsoft.Extensions.Configuration.CommandLine.dll" /reference:"C:\Program Files\dotnet\packs\Microsoft.AspNetCore.App.Ref\10.0.9\ref\net10.0\Microsoft.Extensions.Configuration.dll" /reference:"C:\Program Files\dotnet\packs\Microsoft.AspNetCore.App.Ref\10.0.9\ref\net10.0\Microsoft.Extensions.Configuration.EnvironmentVariables.dll" /reference:"C:\Program Files\dotnet\packs\Microsoft.AspNetCore.App.Ref\10.0.9\ref\net10.0\Microsoft.Extensions.Configuration.FileExtensions.dll" /reference:"C:\Program Files\dotnet\packs\Microsoft.AspNetCore.App.Ref\10.0.9\ref\net10.0\Microsoft.Extensions.Configuration.Ini.dll" /reference:"C:\Program Files\dotnet\packs\Microsoft.AspNetCore.App.Ref\10.0.9\ref\net10.0\Microsoft.Extensions.Configuration.Json.dll" /reference:"C:\Program Files\dotnet\packs\Microsoft.AspNetCore.App.Ref\10.0.9\ref\net10.0\Microsoft.Extensions.Configuration.KeyPerFile.dll" /reference:"C:\Program Files\dotnet\packs\Microsoft.AspNetCore.App.Ref\10.0.9\ref\net10.0\Microsoft.Extensions.Configuration.UserSecrets.dll" /reference:"C:\Program Files\dotnet\packs\Microsoft.AspNetCore.App.Ref\10.0.9\ref\net10.0\Microsoft.Extensions.Configuration.Xml.dll" /reference:"C:\Program Files\dotnet\packs\Microsoft.AspNetCore.App.Ref\10.0.9\ref\net10.0\Microsoft.Extensions.DependencyInjection.Abstractions.dll" /reference:"C:\Program Files\dotnet\packs\Microsoft.AspNetCore.App.Ref\10.0.9\ref\net10.0\Microsoft.Extensions.DependencyInjection.dll" /reference:C:\Users\Ye_Luo\.nuget\packages\microsoft.extensions.dependencymodel\10.0.7\lib\net10.0\Microsoft.Extensions.DependencyModel.dll /reference:"C:\Program Files\dotnet\packs\Microsoft.AspNetCore.App.Ref\10.0.9\ref\net10.0\Microsoft.Extensions.Diagnostics.Abstractions.dll" /reference:"C:\Program Files\dotnet\packs\Microsoft.AspNetCore.App.Ref\10.0.9\ref\net10.0\Microsoft.Extensions.Diagnostics.dll" /reference:"C:\Program Files\dotnet\packs\Microsoft.AspNetCore.App.Ref\10.0.9\ref\net10.0\Microsoft.Extensions.Diagnostics.HealthChecks.Abstractions.dll" /reference:"C:\Program Files\dotnet\packs\Microsoft.AspNetCore.App.Ref\10.0.9\ref\net10.0\Microsoft.Extensions.Diagnostics.HealthChecks.dll" /reference:"C:\Program Files\dotnet\packs\Microsoft.AspNetCore.App.Ref\10.0.9\ref\net10.0\Microsoft.Extensions.Features.dll" /reference:"C:\Program Files\dotnet\packs\Microsoft.AspNetCore.App.Ref\10.0.9\ref\net10.0\Microsoft.Extensions.FileProviders.Abstractions.dll" /reference:"C:\Program Files\dotnet\packs\Microsoft.AspNetCore.App.Ref\10.0.9\ref\net10.0\Microsoft.Extensions.FileProviders.Composite.dll" /reference:"C:\Program Files\dotnet\packs\Microsoft.AspNetCore.App.Ref\10.0.9\ref\net10.0\Microsoft.Extensions.FileProviders.Embedded.dll" /reference:"C:\Program Files\dotnet\packs\Microsoft.AspNetCore.App.Ref\10.0.9\ref\net10.0\Microsoft.Extensions.FileProviders.Physical.dll" /reference:"C:\Program Files\dotnet\packs\Microsoft.AspNetCore.App.Ref\10.0.9\ref\net10.0\Microsoft.Extensions.FileSystemGlobbing.dll" /reference:"C:\Program Files\dotnet\packs\Microsoft.AspNetCore.App.Ref\10.0.9\ref\net10.0\Microsoft.Extensions.Hosting.Abstractions.dll" /reference:"C:\Program Files\dotnet\packs\Microsoft.AspNetCore.App.Ref\10.0.9\ref\net10.0\Microsoft.Extensions.Hosting.dll" /reference:"C:\Program Files\dotnet\packs\Microsoft.AspNetCore.App.Ref\10.0.9\ref\net10.0\Microsoft.Extensions.Http.dll" /reference:"C:\Program Files\dotnet\packs\Microsoft.AspNetCore.App.Ref\10.0.9\ref\net10.0\Microsoft.Extensions.Identity.Core.dll" /reference:"C:\Program Files\dotnet\packs\Microsoft.AspNetCore.App.Ref\10.0.9\ref\net10.0\Microsoft.Extensions.Identity.Stores.dll" /reference:"C:\Program Files\dotnet\packs\Microsoft.AspNetCore.App.Ref\10.0.9\ref\net10.0\Microsoft.Extensions.Localization.Abstractions.dll" /reference:"C:\Program Files\dotnet\packs\Microsoft.AspNetCore.App.Ref\10.0.9\ref\net10.0\Microsoft.Extensions.Localization.dll" /reference:"C:\Program Files\dotnet\packs\Microsoft.AspNetCore.App.Ref\10.0.9\ref\net10.0\Microsoft.Extensions.Logging.Abstractions.dll" /reference:"C:\Program Files\dotnet\packs\Microsoft.AspNetCore.App.Ref\10.0.9\ref\net10.0\Microsoft.Extensions.Logging.Configuration.dll" /reference:"C:\Program Files\dotnet\packs\Microsoft.AspNetCore.App.Ref\10.0.9\ref\net10.0\Microsoft.Extensions.Logging.Console.dll" /reference:"C:\Program Files\dotnet\packs\Microsoft.AspNetCore.App.Ref\10.0.9\ref\net10.0\Microsoft.Extensions.Logging.Debug.dll" /reference:"C:\Program Files\dotnet\packs\Microsoft.AspNetCore.App.Ref\10.0.9\ref\net10.0\Microsoft.Extensions.Logging.dll" /reference:"C:\Program Files\dotnet\packs\Microsoft.AspNetCore.App.Ref\10.0.9\ref\net10.0\Microsoft.Extensions.Logging.EventLog.dll" /reference:"C:\Program Files\dotnet\packs\Microsoft.AspNetCore.App.Ref\10.0.9\ref\net10.0\Microsoft.Extensions.Logging.EventSource.dll" /reference:"C:\Program Files\dotnet\packs\Microsoft.AspNetCore.App.Ref\10.0.9\ref\net10.0\Microsoft.Extensions.Logging.TraceSource.dll" /reference:"C:\Program Files\dotnet\packs\Microsoft.AspNetCore.App.Ref\10.0.9\ref\net10.0\Microsoft.Extensions.ObjectPool.dll" /reference:"C:\Program Files\dotnet\packs\Microsoft.AspNetCore.App.Ref\10.0.9\ref\net10.0\Microsoft.Extensions.Options.ConfigurationExtensions.dll" /reference:"C:\Program Files\dotnet\packs\Microsoft.AspNetCore.App.Ref\10.0.9\ref\net10.0\Microsoft.Extensions.Options.DataAnnotations.dll" /reference:"C:\Program Files\dotnet\packs\Microsoft.AspNetCore.App.Ref\10.0.9\ref\net10.0\Microsoft.Extensions.Options.dll" /reference:"C:\Program Files\dotnet\packs\Microsoft.AspNetCore.App.Ref\10.0.9\ref\net10.0\Microsoft.Extensions.Primitives.dll" /reference:"C:\Program Files\dotnet\packs\Microsoft.AspNetCore.App.Ref\10.0.9\ref\net10.0\Microsoft.Extensions.Validation.dll" /reference:"C:\Program Files\dotnet\packs\Microsoft.AspNetCore.App.Ref\10.0.9\ref\net10.0\Microsoft.Extensions.WebEncoders.dll" /reference:"C:\Program Files\dotnet\packs\Microsoft.AspNetCore.App.Ref\10.0.9\ref\net10.0\Microsoft.JSInterop.dll" /reference:C:\Users\Ye_Luo\.nuget\packages\microsoft.ml.onnxruntime.managed\1.26.0\lib\net8.0\Microsoft.ML.OnnxRuntime.dll /reference:C:\Users\Ye_Luo\.nuget\packages\microsoft.ml.tokenizers\2.0.0\lib\net8.0\Microsoft.ML.Tokenizers.dll /reference:"C:\Program Files\dotnet\packs\Microsoft.AspNetCore.App.Ref\10.0.9\ref\net10.0\Microsoft.Net.Http.Headers.dll" /reference:C:\Users\Ye_Luo\.nuget\packages\microsoft.openapi\2.7.5\lib\net8.0\Microsoft.OpenApi.dll /reference:C:\Users\Ye_Luo\.nuget\packages\microsoft.testplatform.testhost\17.10.0-preview-24080-01\lib\netcoreapp3.1\Microsoft.TestPlatform.CommunicationUtilities.dll /reference:C:\Users\Ye_Luo\.nuget\packages\microsoft.testplatform.testhost\17.10.0-preview-24080-01\lib\netcoreapp3.1\Microsoft.TestPlatform.CoreUtilities.dll /reference:C:\Users\Ye_Luo\.nuget\packages\microsoft.testplatform.testhost\17.10.0-preview-24080-01\lib\netcoreapp3.1\Microsoft.TestPlatform.CrossPlatEngine.dll /reference:C:\Users\Ye_Luo\.nuget\packages\microsoft.testplatform.testhost\17.10.0-preview-24080-01\lib\netcoreapp3.1\Microsoft.TestPlatform.PlatformAbstractions.dll /reference:C:\Users\Ye_Luo\.nuget\packages\microsoft.testplatform.testhost\17.10.0-preview-24080-01\lib\netcoreapp3.1\Microsoft.TestPlatform.Utilities.dll /reference:"C:\Program Files\dotnet\packs\Microsoft.NETCore.App.Ref\10.0.9\ref\net10.0\Microsoft.VisualBasic.Core.dll" /reference:"C:\Program Files\dotnet\packs\Microsoft.NETCore.App.Ref\10.0.9\ref\net10.0\Microsoft.VisualBasic.dll" /reference:C:\Users\Ye_Luo\.nuget\packages\microsoft.codecoverage\17.10.0-preview-24080-01\lib\netcoreapp3.1\Microsoft.VisualStudio.CodeCoverage.Shim.dll /reference:C:\Users\Ye_Luo\.nuget\packages\microsoft.testplatform.testhost\17.10.0-preview-24080-01\lib\netcoreapp3.1\Microsoft.VisualStudio.TestPlatform.Common.dll /reference:C:\Users\Ye_Luo\.nuget\packages\microsoft.testplatform.testhost\17.10.0-preview-24080-01\lib\netcoreapp3.1\Microsoft.VisualStudio.TestPlatform.ObjectModel.dll /reference:C:\Users\Ye_Luo\.nuget\packages\mstest.testframework\3.1.1\lib\net6.0\Microsoft.VisualStudio.TestPlatform.TestFramework.dll /reference:C:\Users\Ye_Luo\.nuget\packages\mstest.testframework\3.1.1\build\net6.0\Microsoft.VisualStudio.TestPlatform.TestFramework.Extensions.dll /reference:"C:\Program Files\dotnet\packs\Microsoft.NETCore.App.Ref\10.0.9\ref\net10.0\Microsoft.Win32.Primitives.dll" /reference:"C:\Program Files\dotnet\packs\Microsoft.NETCore.App.Ref\10.0.9\ref\net10.0\Microsoft.Win32.Registry.dll" /reference:"C:\Program Files\dotnet\packs\Microsoft.NETCore.App.Ref\10.0.9\ref\net10.0\mscorlib.dll" /reference:"C:\Program Files\dotnet\packs\Microsoft.NETCore.App.Ref\10.0.9\ref\net10.0\netstandard.dll" /reference:C:\Users\Ye_Luo\.nuget\packages\newtonsoft.json\13.0.1\lib\netstandard2.0\Newtonsoft.Json.dll /reference:C:\Users\Ye_Luo\.nuget\packages\npgsql\10.0.2\lib\net10.0\Npgsql.dll /reference:C:\Users\Ye_Luo\.nuget\packages\opentelemetry.api\1.15.3\lib\net10.0\OpenTelemetry.Api.dll /reference:C:\Users\Ye_Luo\.nuget\packages\opentelemetry.api.providerbuilderextensions\1.15.3\lib\net10.0\OpenTelemetry.Api.ProviderBuilderExtensions.dll /reference:C:\Users\Ye_Luo\.nuget\packages\opentelemetry\1.15.3\lib\net10.0\OpenTelemetry.dll /reference:C:\Users\Ye_Luo\.nuget\packages\opentelemetry.exporter.opentelemetryprotocol\1.15.3\lib\net10.0\OpenTelemetry.Exporter.OpenTelemetryProtocol.dll /reference:C:\Users\Ye_Luo\.nuget\packages\opentelemetry.extensions.hosting\1.15.3\lib\net10.0\OpenTelemetry.Extensions.Hosting.dll /reference:C:\Users\Ye_Luo\.nuget\packages\opentelemetry.instrumentation.aspnetcore\1.15.2\lib\net10.0\OpenTelemetry.Instrumentation.AspNetCore.dll /reference:C:\Users\Ye_Luo\.nuget\packages\scalar.aspnetcore\2.14.5\lib\net10.0\Scalar.AspNetCore.dll /reference:"C:\Program Files\dotnet\packs\Microsoft.NETCore.App.Ref\10.0.9\ref\net10.0\System.AppContext.dll" /reference:"C:\Program Files\dotnet\packs\Microsoft.NETCore.App.Ref\10.0.9\ref\net10.0\System.Buffers.dll" /reference:"C:\Program Files\dotnet\packs\Microsoft.NETCore.App.Ref\10.0.9\ref\net10.0\System.Collections.Concurrent.dll" /reference:"C:\Program Files\dotnet\packs\Microsoft.NETCore.App.Ref\10.0.9\ref\net10.0\System.Collections.dll" /reference:"C:\Program Files\dotnet\packs\Microsoft.NETCore.App.Ref\10.0.9\ref\net10.0\System.Collections.Immutable.dll" /reference:"C:\Program Files\dotnet\packs\Microsoft.NETCore.App.Ref\10.0.9\ref\net10.0\System.Collections.NonGeneric.dll" /reference:"C:\Program Files\dotnet\packs\Microsoft.NETCore.App.Ref\10.0.9\ref\net10.0\System.Collections.Specialized.dll" /reference:"C:\Program Files\dotnet\packs\Microsoft.NETCore.App.Ref\10.0.9\ref\net10.0\System.ComponentModel.Annotations.dll" /reference:"C:\Program Files\dotnet\packs\Microsoft.NETCore.App.Ref\10.0.9\ref\net10.0\System.ComponentModel.DataAnnotations.dll" /reference:"C:\Program Files\dotnet\packs\Microsoft.NETCore.App.Ref\10.0.9\ref\net10.0\System.ComponentModel.dll" /reference:"C:\Program Files\dotnet\packs\Microsoft.NETCore.App.Ref\10.0.9\ref\net10.0\System.ComponentModel.EventBasedAsync.dll" /reference:"C:\Program Files\dotnet\packs\Microsoft.NETCore.App.Ref\10.0.9\ref\net10.0\System.ComponentModel.Primitives.dll" /reference:"C:\Program Files\dotnet\packs\Microsoft.NETCore.App.Ref\10.0.9\ref\net10.0\System.ComponentModel.TypeConverter.dll" /reference:"C:\Program Files\dotnet\packs\Microsoft.NETCore.App.Ref\10.0.9\ref\net10.0\System.Configuration.dll" /reference:"C:\Program Files\dotnet\packs\Microsoft.NETCore.App.Ref\10.0.9\ref\net10.0\System.Console.dll" /reference:"C:\Program Files\dotnet\packs\Microsoft.NETCore.App.Ref\10.0.9\ref\net10.0\System.Core.dll" /reference:"C:\Program Files\dotnet\packs\Microsoft.NETCore.App.Ref\10.0.9\ref\net10.0\System.Data.Common.dll" /reference:"C:\Program Files\dotnet\packs\Microsoft.NETCore.App.Ref\10.0.9\ref\net10.0\System.Data.DataSetExtensions.dll" /reference:"C:\Program Files\dotnet\packs\Microsoft.NETCore.App.Ref\10.0.9\ref\net10.0\System.Data.dll" /reference:"C:\Program Files\dotnet\packs\Microsoft.NETCore.App.Ref\10.0.9\ref\net10.0\System.Diagnostics.Contracts.dll" /reference:"C:\Program Files\dotnet\packs\Microsoft.NETCore.App.Ref\10.0.9\ref\net10.0\System.Diagnostics.Debug.dll" /reference:"C:\Program Files\dotnet\packs\Microsoft.NETCore.App.Ref\10.0.9\ref\net10.0\System.Diagnostics.DiagnosticSource.dll" /reference:"C:\Program Files\dotnet\packs\Microsoft.AspNetCore.App.Ref\10.0.9\ref\net10.0\System.Diagnostics.EventLog.dll" /reference:"C:\Program Files\dotnet\packs\Microsoft.NETCore.App.Ref\10.0.9\ref\net10.0\System.Diagnostics.FileVersionInfo.dll" /reference:"C:\Program Files\dotnet\packs\Microsoft.NETCore.App.Ref\10.0.9\ref\net10.0\System.Diagnostics.Process.dll" /reference:"C:\Program Files\dotnet\packs\Microsoft.NETCore.App.Ref\10.0.9\ref\net10.0\System.Diagnostics.StackTrace.dll" /reference:"C:\Program Files\dotnet\packs\Microsoft.NETCore.App.Ref\10.0.9\ref\net10.0\System.Diagnostics.TextWriterTraceListener.dll" /reference:"C:\Program Files\dotnet\packs\Microsoft.NETCore.App.Ref\10.0.9\ref\net10.0\System.Diagnostics.Tools.dll" /reference:"C:\Program Files\dotnet\packs\Microsoft.NETCore.App.Ref\10.0.9\ref\net10.0\System.Diagnostics.TraceSource.dll" /reference:"C:\Program Files\dotnet\packs\Microsoft.NETCore.App.Ref\10.0.9\ref\net10.0\System.Diagnostics.Tracing.dll" /reference:"C:\Program Files\dotnet\packs\Microsoft.NETCore.App.Ref\10.0.9\ref\net10.0\System.dll" /reference:"C:\Program Files\dotnet\packs\Microsoft.NETCore.App.Ref\10.0.9\ref\net10.0\System.Drawing.dll" /reference:"C:\Program Files\dotnet\packs\Microsoft.NETCore.App.Ref\10.0.9\ref\net10.0\System.Drawing.Primitives.dll" /reference:"C:\Program Files\dotnet\packs\Microsoft.NETCore.App.Ref\10.0.9\ref\net10.0\System.Dynamic.Runtime.dll" /reference:"C:\Program Files\dotnet\packs\Microsoft.NETCore.App.Ref\10.0.9\ref\net10.0\System.Formats.Asn1.dll" /reference:"C:\Program Files\dotnet\packs\Microsoft.AspNetCore.App.Ref\10.0.9\ref\net10.0\System.Formats.Cbor.dll" /reference:"C:\Program Files\dotnet\packs\Microsoft.NETCore.App.Ref\10.0.9\ref\net10.0\System.Formats.Tar.dll" /reference:"C:\Program Files\dotnet\packs\Microsoft.NETCore.App.Ref\10.0.9\ref\net10.0\System.Globalization.Calendars.dll" /reference:"C:\Program Files\dotnet\packs\Microsoft.NETCore.App.Ref\10.0.9\ref\net10.0\System.Globalization.dll" /reference:"C:\Program Files\dotnet\packs\Microsoft.NETCore.App.Ref\10.0.9\ref\net10.0\System.Globalization.Extensions.dll" /reference:"C:\Program Files\dotnet\packs\Microsoft.NETCore.App.Ref\10.0.9\ref\net10.0\System.IO.Compression.Brotli.dll" /reference:"C:\Program Files\dotnet\packs\Microsoft.NETCore.App.Ref\10.0.9\ref\net10.0\System.IO.Compression.dll" /reference:"C:\Program Files\dotnet\packs\Microsoft.NETCore.App.Ref\10.0.9\ref\net10.0\System.IO.Compression.FileSystem.dll" /reference:"C:\Program Files\dotnet\packs\Microsoft.NETCore.App.Ref\10.0.9\ref\net10.0\System.IO.Compression.ZipFile.dll" /reference:"C:\Program Files\dotnet\packs\Microsoft.NETCore.App.Ref\10.0.9\ref\net10.0\System.IO.dll" /reference:"C:\Program Files\dotnet\packs\Microsoft.NETCore.App.Ref\10.0.9\ref\net10.0\System.IO.FileSystem.AccessControl.dll" /reference:"C:\Program Files\dotnet\packs\Microsoft.NETCore.App.Ref\10.0.9\ref\net10.0\System.IO.FileSystem.dll" /reference:"C:\Program Files\dotnet\packs\Microsoft.NETCore.App.Ref\10.0.9\ref\net10.0\System.IO.FileSystem.DriveInfo.dll" /reference:"C:\Program Files\dotnet\packs\Microsoft.NETCore.App.Ref\10.0.9\ref\net10.0\System.IO.FileSystem.Primitives.dll" /reference:"C:\Program Files\dotnet\packs\Microsoft.NETCore.App.Ref\10.0.9\ref\net10.0\System.IO.FileSystem.Watcher.dll" /reference:"C:\Program Files\dotnet\packs\Microsoft.NETCore.App.Ref\10.0.9\ref\net10.0\System.IO.IsolatedStorage.dll" /reference:"C:\Program Files\dotnet\packs\Microsoft.NETCore.App.Ref\10.0.9\ref\net10.0\System.IO.MemoryMappedFiles.dll" /reference:"C:\Program Files\dotnet\packs\Microsoft.NETCore.App.Ref\10.0.9\ref\net10.0\System.IO.Pipelines.dll" /reference:"C:\Program Files\dotnet\packs\Microsoft.NETCore.App.Ref\10.0.9\ref\net10.0\System.IO.Pipes.AccessControl.dll" /reference:"C:\Program Files\dotnet\packs\Microsoft.NETCore.App.Ref\10.0.9\ref\net10.0\System.IO.Pipes.dll" /reference:"C:\Program Files\dotnet\packs\Microsoft.NETCore.App.Ref\10.0.9\ref\net10.0\System.IO.UnmanagedMemoryStream.dll" /reference:"C:\Program Files\dotnet\packs\Microsoft.NETCore.App.Ref\10.0.9\ref\net10.0\System.Linq.AsyncEnumerable.dll" /reference:"C:\Program Files\dotnet\packs\Microsoft.NETCore.App.Ref\10.0.9\ref\net10.0\System.Linq.dll" /reference:"C:\Program Files\dotnet\packs\Microsoft.NETCore.App.Ref\10.0.9\ref\net10.0\System.Linq.Expressions.dll" /reference:"C:\Program Files\dotnet\packs\Microsoft.NETCore.App.Ref\10.0.9\ref\net10.0\System.Linq.Parallel.dll" /reference:"C:\Program Files\dotnet\packs\Microsoft.NETCore.App.Ref\10.0.9\ref\net10.0\System.Linq.Queryable.dll" /reference:"C:\Program Files\dotnet\packs\Microsoft.NETCore.App.Ref\10.0.9\ref\net10.0\System.Memory.dll" /reference:"C:\Program Files\dotnet\packs\Microsoft.NETCore.App.Ref\10.0.9\ref\net10.0\System.Net.dll" /reference:"C:\Program Files\dotnet\packs\Microsoft.NETCore.App.Ref\10.0.9\ref\net10.0\System.Net.Http.dll" /reference:"C:\Program Files\dotnet\packs\Microsoft.NETCore.App.Ref\10.0.9\ref\net10.0\System.Net.Http.Json.dll" /reference:"C:\Program Files\dotnet\packs\Microsoft.NETCore.App.Ref\10.0.9\ref\net10.0\System.Net.HttpListener.dll" /reference:"C:\Program Files\dotnet\packs\Microsoft.NETCore.App.Ref\10.0.9\ref\net10.0\System.Net.Mail.dll" /reference:"C:\Program Files\dotnet\packs\Microsoft.NETCore.App.Ref\10.0.9\ref\net10.0\System.Net.NameResolution.dll" /reference:"C:\Program Files\dotnet\packs\Microsoft.NETCore.App.Ref\10.0.9\ref\net10.0\System.Net.NetworkInformation.dll" /reference:"C:\Program Files\dotnet\packs\Microsoft.NETCore.App.Ref\10.0.9\ref\net10.0\System.Net.Ping.dll" /reference:"C:\Program Files\dotnet\packs\Microsoft.NETCore.App.Ref\10.0.9\ref\net10.0\System.Net.Primitives.dll" /reference:"C:\Program Files\dotnet\packs\Microsoft.NETCore.App.Ref\10.0.9\ref\net10.0\System.Net.Quic.dll" /reference:"C:\Program Files\dotnet\packs\Microsoft.NETCore.App.Ref\10.0.9\ref\net10.0\System.Net.Requests.dll" /reference:"C:\Program Files\dotnet\packs\Microsoft.NETCore.App.Ref\10.0.9\ref\net10.0\System.Net.Security.dll" /reference:"C:\Program Files\dotnet\packs\Microsoft.NETCore.App.Ref\10.0.9\ref\net10.0\System.Net.ServerSentEvents.dll" /reference:"C:\Program Files\dotnet\packs\Microsoft.NETCore.App.Ref\10.0.9\ref\net10.0\System.Net.ServicePoint.dll" /reference:"C:\Program Files\dotnet\packs\Microsoft.NETCore.App.Ref\10.0.9\ref\net10.0\System.Net.Sockets.dll" /reference:"C:\Program Files\dotnet\packs\Microsoft.NETCore.App.Ref\10.0.9\ref\net10.0\System.Net.WebClient.dll" /reference:"C:\Program Files\dotnet\packs\Microsoft.NETCore.App.Ref\10.0.9\ref\net10.0\System.Net.WebHeaderCollection.dll" /reference:"C:\Program Files\dotnet\packs\Microsoft.NETCore.App.Ref\10.0.9\ref\net10.0\System.Net.WebProxy.dll" /reference:"C:\Program Files\dotnet\packs\Microsoft.NETCore.App.Ref\10.0.9\ref\net10.0\System.Net.WebSockets.Client.dll" /reference:"C:\Program Files\dotnet\packs\Microsoft.NETCore.App.Ref\10.0.9\ref\net10.0\System.Net.WebSockets.dll" /reference:"C:\Program Files\dotnet\packs\Microsoft.NETCore.App.Ref\10.0.9\ref\net10.0\System.Numerics.dll" /reference:C:\Users\Ye_Luo\.nuget\packages\system.numerics.tensors\9.0.0\lib\net9.0\System.Numerics.Tensors.dll /reference:"C:\Program Files\dotnet\packs\Microsoft.NETCore.App.Ref\10.0.9\ref\net10.0\System.Numerics.Vectors.dll" /reference:"C:\Program Files\dotnet\packs\Microsoft.NETCore.App.Ref\10.0.9\ref\net10.0\System.ObjectModel.dll" /reference:"C:\Program Files\dotnet\packs\Microsoft.NETCore.App.Ref\10.0.9\ref\net10.0\System.Reflection.DispatchProxy.dll" /reference:"C:\Program Files\dotnet\packs\Microsoft.NETCore.App.Ref\10.0.9\ref\net10.0\System.Reflection.dll" /reference:"C:\Program Files\dotnet\packs\Microsoft.NETCore.App.Ref\10.0.9\ref\net10.0\System.Reflection.Emit.dll" /reference:"C:\Program Files\dotnet\packs\Microsoft.NETCore.App.Ref\10.0.9\ref\net10.0\System.Reflection.Emit.ILGeneration.dll" /reference:"C:\Program Files\dotnet\packs\Microsoft.NETCore.App.Ref\10.0.9\ref\net10.0\System.Reflection.Emit.Lightweight.dll" /reference:"C:\Program Files\dotnet\packs\Microsoft.NETCore.App.Ref\10.0.9\ref\net10.0\System.Reflection.Extensions.dll" /reference:"C:\Program Files\dotnet\packs\Microsoft.NETCore.App.Ref\10.0.9\ref\net10.0\System.Reflection.Metadata.dll" /reference:"C:\Program Files\dotnet\packs\Microsoft.NETCore.App.Ref\10.0.9\ref\net10.0\System.Reflection.Primitives.dll" /reference:"C:\Program Files\dotnet\packs\Microsoft.NETCore.App.Ref\10.0.9\ref\net10.0\System.Reflection.TypeExtensions.dll" /reference:"C:\Program Files\dotnet\packs\Microsoft.NETCore.App.Ref\10.0.9\ref\net10.0\System.Resources.Reader.dll" /reference:"C:\Program Files\dotnet\packs\Microsoft.NETCore.App.Ref\10.0.9\ref\net10.0\System.Resources.ResourceManager.dll" /reference:"C:\Program Files\dotnet\packs\Microsoft.NETCore.App.Ref\10.0.9\ref\net10.0\System.Resources.Writer.dll" /reference:"C:\Program Files\dotnet\packs\Microsoft.NETCore.App.Ref\10.0.9\ref\net10.0\System.Runtime.CompilerServices.Unsafe.dll" /reference:"C:\Program Files\dotnet\packs\Microsoft.NETCore.App.Ref\10.0.9\ref\net10.0\System.Runtime.CompilerServices.VisualC.dll" /reference:"C:\Program Files\dotnet\packs\Microsoft.NETCore.App.Ref\10.0.9\ref\net10.0\System.Runtime.dll" /reference:"C:\Program Files\dotnet\packs\Microsoft.NETCore.App.Ref\10.0.9\ref\net10.0\System.Runtime.Extensions.dll" /reference:"C:\Program Files\dotnet\packs\Microsoft.NETCore.App.Ref\10.0.9\ref\net10.0\System.Runtime.Handles.dll" /reference:"C:\Program Files\dotnet\packs\Microsoft.NETCore.App.Ref\10.0.9\ref\net10.0\System.Runtime.InteropServices.dll" /reference:"C:\Program Files\dotnet\packs\Microsoft.NETCore.App.Ref\10.0.9\ref\net10.0\System.Runtime.InteropServices.JavaScript.dll" /reference:"C:\Program Files\dotnet\packs\Microsoft.NETCore.App.Ref\10.0.9\ref\net10.0\System.Runtime.InteropServices.RuntimeInformation.dll" /reference:"C:\Program Files\dotnet\packs\Microsoft.NETCore.App.Ref\10.0.9\ref\net10.0\System.Runtime.Intrinsics.dll" /reference:"C:\Program Files\dotnet\packs\Microsoft.NETCore.App.Ref\10.0.9\ref\net10.0\System.Runtime.Loader.dll" /reference:"C:\Program Files\dotnet\packs\Microsoft.NETCore.App.Ref\10.0.9\ref\net10.0\System.Runtime.Numerics.dll" /reference:"C:\Program Files\dotnet\packs\Microsoft.NETCore.App.Ref\10.0.9\ref\net10.0\System.Runtime.Serialization.dll" /reference:"C:\Program Files\dotnet\packs\Microsoft.NETCore.App.Ref\10.0.9\ref\net10.0\System.Runtime.Serialization.Formatters.dll" /reference:"C:\Program Files\dotnet\packs\Microsoft.NETCore.App.Ref\10.0.9\ref\net10.0\System.Runtime.Serialization.Json.dll" /reference:"C:\Program Files\dotnet\packs\Microsoft.NETCore.App.Ref\10.0.9\ref\net10.0\System.Runtime.Serialization.Primitives.dll" /reference:"C:\Program Files\dotnet\packs\Microsoft.NETCore.App.Ref\10.0.9\ref\net10.0\System.Runtime.Serialization.Xml.dll" /reference:"C:\Program Files\dotnet\packs\Microsoft.NETCore.App.Ref\10.0.9\ref\net10.0\System.Security.AccessControl.dll" /reference:"C:\Program Files\dotnet\packs\Microsoft.NETCore.App.Ref\10.0.9\ref\net10.0\System.Security.Claims.dll" /reference:"C:\Program Files\dotnet\packs\Microsoft.NETCore.App.Ref\10.0.9\ref\net10.0\System.Security.Cryptography.Algorithms.dll" /reference:"C:\Program Files\dotnet\packs\Microsoft.NETCore.App.Ref\10.0.9\ref\net10.0\System.Security.Cryptography.Cng.dll" /reference:"C:\Program Files\dotnet\packs\Microsoft.NETCore.App.Ref\10.0.9\ref\net10.0\System.Security.Cryptography.Csp.dll" /reference:"C:\Program Files\dotnet\packs\Microsoft.NETCore.App.Ref\10.0.9\ref\net10.0\System.Security.Cryptography.dll" /reference:"C:\Program Files\dotnet\packs\Microsoft.NETCore.App.Ref\10.0.9\ref\net10.0\System.Security.Cryptography.Encoding.dll" /reference:"C:\Program Files\dotnet\packs\Microsoft.NETCore.App.Ref\10.0.9\ref\net10.0\System.Security.Cryptography.OpenSsl.dll" /reference:"C:\Program Files\dotnet\packs\Microsoft.NETCore.App.Ref\10.0.9\ref\net10.0\System.Security.Cryptography.Primitives.dll" /reference:"C:\Program Files\dotnet\packs\Microsoft.NETCore.App.Ref\10.0.9\ref\net10.0\System.Security.Cryptography.X509Certificates.dll" /reference:"C:\Program Files\dotnet\packs\Microsoft.AspNetCore.App.Ref\10.0.9\ref\net10.0\System.Security.Cryptography.Xml.dll" /reference:"C:\Program Files\dotnet\packs\Microsoft.NETCore.App.Ref\10.0.9\ref\net10.0\System.Security.dll" /reference:"C:\Program Files\dotnet\packs\Microsoft.NETCore.App.Ref\10.0.9\ref\net10.0\System.Security.Principal.dll" /reference:"C:\Program Files\dotnet\packs\Microsoft.NETCore.App.Ref\10.0.9\ref\net10.0\System.Security.Principal.Windows.dll" /reference:"C:\Program Files\dotnet\packs\Microsoft.NETCore.App.Ref\10.0.9\ref\net10.0\System.Security.SecureString.dll" /reference:"C:\Program Files\dotnet\packs\Microsoft.NETCore.App.Ref\10.0.9\ref\net10.0\System.ServiceModel.Web.dll" /reference:"C:\Program Files\dotnet\packs\Microsoft.NETCore.App.Ref\10.0.9\ref\net10.0\System.ServiceProcess.dll" /reference:"C:\Program Files\dotnet\packs\Microsoft.NETCore.App.Ref\10.0.9\ref\net10.0\System.Text.Encoding.CodePages.dll" /reference:"C:\Program Files\dotnet\packs\Microsoft.NETCore.App.Ref\10.0.9\ref\net10.0\System.Text.Encoding.dll" /reference:"C:\Program Files\dotnet\packs\Microsoft.NETCore.App.Ref\10.0.9\ref\net10.0\System.Text.Encoding.Extensions.dll" /reference:"C:\Program Files\dotnet\packs\Microsoft.NETCore.App.Ref\10.0.9\ref\net10.0\System.Text.Encodings.Web.dll" /reference:"C:\Program Files\dotnet\packs\Microsoft.NETCore.App.Ref\10.0.9\ref\net10.0\System.Text.Json.dll" /reference:"C:\Program Files\dotnet\packs\Microsoft.NETCore.App.Ref\10.0.9\ref\net10.0\System.Text.RegularExpressions.dll" /reference:"C:\Program Files\dotnet\packs\Microsoft.NETCore.App.Ref\10.0.9\ref\net10.0\System.Threading.AccessControl.dll" /reference:"C:\Program Files\dotnet\packs\Microsoft.NETCore.App.Ref\10.0.9\ref\net10.0\System.Threading.Channels.dll" /reference:"C:\Program Files\dotnet\packs\Microsoft.NETCore.App.Ref\10.0.9\ref\net10.0\System.Threading.dll" /reference:"C:\Program Files\dotnet\packs\Microsoft.NETCore.App.Ref\10.0.9\ref\net10.0\System.Threading.Overlapped.dll" /reference:"C:\Program Files\dotnet\packs\Microsoft.AspNetCore.App.Ref\10.0.9\ref\net10.0\System.Threading.RateLimiting.dll" /reference:"C:\Program Files\dotnet\packs\Microsoft.NETCore.App.Ref\10.0.9\ref\net10.0\System.Threading.Tasks.Dataflow.dll" /reference:"C:\Program Files\dotnet\packs\Microsoft.NETCore.App.Ref\10.0.9\ref\net10.0\System.Threading.Tasks.dll" /reference:"C:\Program Files\dotnet\packs\Microsoft.NETCore.App.Ref\10.0.9\ref\net10.0\System.Threading.Tasks.Extensions.dll" /reference:"C:\Program Files\dotnet\packs\Microsoft.NETCore.App.Ref\10.0.9\ref\net10.0\System.Threading.Tasks.Parallel.dll" /reference:"C:\Program Files\dotnet\packs\Microsoft.NETCore.App.Ref\10.0.9\ref\net10.0\System.Threading.Thread.dll" /reference:"C:\Program Files\dotnet\packs\Microsoft.NETCore.App.Ref\10.0.9\ref\net10.0\System.Threading.ThreadPool.dll" /reference:"C:\Program Files\dotnet\packs\Microsoft.NETCore.App.Ref\10.0.9\ref\net10.0\System.Threading.Timer.dll" /reference:"C:\Program Files\dotnet\packs\Microsoft.NETCore.App.Ref\10.0.9\ref\net10.0\System.Transactions.dll" /reference:"C:\Program Files\dotnet\packs\Microsoft.NETCore.App.Ref\10.0.9\ref\net10.0\System.Transactions.Local.dll" /reference:"C:\Program Files\dotnet\packs\Microsoft.NETCore.App.Ref\10.0.9\ref\net10.0\System.ValueTuple.dll" /reference:"C:\Program Files\dotnet\packs\Microsoft.NETCore.App.Ref\10.0.9\ref\net10.0\System.Web.dll" /reference:"C:\Program Files\dotnet\packs\Microsoft.NETCore.App.Ref\10.0.9\ref\net10.0\System.Web.HttpUtility.dll" /reference:"C:\Program Files\dotnet\packs\Microsoft.NETCore.App.Ref\10.0.9\ref\net10.0\System.Windows.dll" /reference:"C:\Program Files\dotnet\packs\Microsoft.NETCore.App.Ref\10.0.9\ref\net10.0\System.Xml.dll" /reference:"C:\Program Files\dotnet\packs\Microsoft.NETCore.App.Ref\10.0.9\ref\net10.0\System.Xml.Linq.dll" /reference:"C:\Program Files\dotnet\packs\Microsoft.NETCore.App.Ref\10.0.9\ref\net10.0\System.Xml.ReaderWriter.dll" /reference:"C:\Program Files\dotnet\packs\Microsoft.NETCore.App.Ref\10.0.9\ref\net10.0\System.Xml.Serialization.dll" /reference:"C:\Program Files\dotnet\packs\Microsoft.NETCore.App.Ref\10.0.9\ref\net10.0\System.Xml.XDocument.dll" /reference:"C:\Program Files\dotnet\packs\Microsoft.NETCore.App.Ref\10.0.9\ref\net10.0\System.Xml.XmlDocument.dll" /reference:"C:\Program Files\dotnet\packs\Microsoft.NETCore.App.Ref\10.0.9\ref\net10.0\System.Xml.XmlSerializer.dll" /reference:"C:\Program Files\dotnet\packs\Microsoft.NETCore.App.Ref\10.0.9\ref\net10.0\System.Xml.XPath.dll" /reference:"C:\Program Files\dotnet\packs\Microsoft.NETCore.App.Ref\10.0.9\ref\net10.0\System.Xml.XPath.XDocument.dll" /reference:C:\Users\Ye_Luo\.nuget\packages\microsoft.testplatform.testhost\17.10.0-preview-24080-01\lib\netcoreapp3.1\testhost.dll /reference:"C:\Program Files\dotnet\packs\Microsoft.NETCore.App.Ref\10.0.9\ref\net10.0\WindowsBase.dll" /features:"InterceptorsNamespaces=;Microsoft.Extensions.Validation.Generated" /debug+ /debug:portable /filealign:512 /optimize- /out:obj\Debug\net10.0\ContextCore.Tests.dll /refout:obj\Debug\net10.0\refint\ContextCore.Tests.dll /target:exe /warnaserror- /utf8output /deterministic+ /sourcelink:obj\Debug\net10.0\ContextCore.Tests.sourcelink.json /langversion:14.0 /embed:C:\Users\Ye_Luo\.nuget\packages\microsoft.net.test.sdk\17.10.0-preview-24080-01\build\netcoreapp3.1\Microsoft.NET.Test.Sdk.Program.cs /embed:obj\Debug\net10.0\ContextCore.Tests.GlobalUsings.g.cs /embed:"obj\Debug\net10.0\.NETCoreApp,Version=v10.0.AssemblyAttributes.cs" /embed:obj\Debug\net10.0\ContextCore.Tests.AssemblyInfo.cs /analyzerconfig:obj\Debug\net10.0\ContextCore.Tests.GeneratedMSBuildEditorConfig.editorconfig /analyzerconfig:"C:\Program Files\dotnet\sdk\10.0.301\Sdks\Microsoft.NET.Sdk\analyzers\build\config\analysislevel_10_default.globalconfig" /analyzer:"C:\Program Files\dotnet\sdk\10.0.301\Sdks\Microsoft.NET.Sdk\targets\..\analyzers\Microsoft.CodeAnalysis.CSharp.NetAnalyzers.dll" /analyzer:"C:\Program Files\dotnet\sdk\10.0.301\Sdks\Microsoft.NET.Sdk\targets\..\analyzers\Microsoft.CodeAnalysis.NetAnalyzers.dll" /analyzer:C:\Users\Ye_Luo\.nuget\packages\microsoft.aspnetcore.openapi\10.0.7\analyzers\dotnet\cs\Microsoft.AspNetCore.OpenApi.SourceGenerators.dll /analyzer:"C:\Program Files\dotnet\packs\Microsoft.NETCore.App.Ref\10.0.9\analyzers/dotnet/cs/Microsoft.Interop.ComInterfaceGenerator.dll" /analyzer:"C:\Program Files\dotnet\packs\Microsoft.NETCore.App.Ref\10.0.9\analyzers/dotnet/cs/Microsoft.Interop.JavaScript.JSImportGenerator.dll" /analyzer:"C:\Program Files\dotnet\packs\Microsoft.NETCore.App.Ref\10.0.9\analyzers/dotnet/cs/Microsoft.Interop.LibraryImportGenerator.dll" /analyzer:"C:\Program Files\dotnet\packs\Microsoft.NETCore.App.Ref\10.0.9\analyzers/dotnet/cs/Microsoft.Interop.SourceGeneration.dll" /analyzer:"C:\Program Files\dotnet\packs\Microsoft.NETCore.App.Ref\10.0.9\analyzers/dotnet/cs/System.Text.Json.SourceGeneration.dll" /analyzer:"C:\Program Files\dotnet\packs\Microsoft.NETCore.App.Ref\10.0.9\analyzers/dotnet/cs/System.Text.RegularExpressions.Generator.dll" /analyzer:"C:\Program Files\dotnet\packs\Microsoft.AspNetCore.App.Ref\10.0.9\analyzers/dotnet/cs/Microsoft.AspNetCore.App.Analyzers.dll" /analyzer:"C:\Program Files\dotnet\packs\Microsoft.AspNetCore.App.Ref\10.0.9\analyzers/dotnet/cs/Microsoft.AspNetCore.App.CodeFixes.dll" /analyzer:"C:\Program Files\dotnet\packs\Microsoft.AspNetCore.App.Ref\10.0.9\analyzers/dotnet/cs/Microsoft.AspNetCore.App.SourceGenerators.dll" /analyzer:"C:\Program Files\dotnet\packs\Microsoft.AspNetCore.App.Ref\10.0.9\analyzers/dotnet/cs/Microsoft.AspNetCore.Components.Analyzers.dll" /analyzer:"C:\Program Files\dotnet\packs\Microsoft.AspNetCore.App.Ref\10.0.9\analyzers/dotnet/cs/Microsoft.Extensions.Validation.ValidationsGenerator.dll" /analyzer:"C:\Program Files\dotnet\packs\Microsoft.AspNetCore.App.Ref\10.0.9\analyzers/dotnet/cs/Microsoft.Extensions.Logging.Generators.dll" /analyzer:"C:\Program Files\dotnet\packs\Microsoft.AspNetCore.App.Ref\10.0.9\analyzers/dotnet/cs/Microsoft.Extensions.Options.SourceGeneration.dll" AsyncTraceWriterTests.cs ContextCoreAdapterNoOpBindingTests.cs ContextCoreAttentionProfileSelectionTests.cs ContextCoreAttentionScorerTests.cs ContextCoreCandidateConstraintReviewTests.cs ContextCoreCandidateMemoryGovernanceTests.cs ContextCoreClientTests.cs ContextCoreConstraintGapCandidateTests.cs ContextCoreControlRoomRetrievalTests.cs ContextCoreControlRoomServiceModeTests.cs ContextCoreDecisionTraceTests.cs ContextCoreDiagnosticsTests.cs ContextCoreEmbeddingAbstractionTests.cs ContextCoreEvalRunnerTests.cs ContextCoreEvalSampleLoaderTests.cs ContextCoreEvalSampleTests.cs ContextCoreFallbackReportTests.cs ContextCoreFileSystemConcurrencyTests.cs ContextCoreFilesystemLayoutTests.cs ContextCoreFormalAdapterInputContractTests.cs ContextCoreFormalRetrievalIntegrationDecisionTests.cs ContextCoreGraphExpansionShadowTraceTests.cs ContextCoreGraphProjectionTaxonomyTests.cs ContextCoreGraphTraversalSafetyTests.cs ContextCoreGraphUISubgraphTests.cs ContextCoreHybridRetrievalTests.cs ContextCoreInputPipelineTests.cs ContextCoreLearningCaseGeneratorTests.cs ContextCoreLearningFeatureDatasetTests.cs ContextCoreLearningOfflineBaselineTests.cs ContextCoreLifecycleAwareRankerShadowTests.cs ContextCoreMvpTests.cs ContextCoreNativeTraceReadinessContractTests.cs ContextCoreOutputTokenPriorityShadowGateTests.cs ContextCorePackageBuilderA1Tests.cs ContextCorePathSecurityTests.cs ContextCorePhase0Tests.cs ContextCorePlanningShadowTests.cs ContextCorePlanningSnapshotTests.cs ContextCorePolicyFeedbackDatasetTests.cs ContextCorePolicyMigrationSnapshotTests.cs ContextCorePostgresStorageTests.cs ContextCoreProjectStateAuditTests.cs ContextCorePromotionCandidateFactoryTests.cs ContextCorePromotionCandidateStoreTests.cs ContextCorePromotionEvalRunnerTests.cs ContextCorePromotionPolicyEvaluatorTests.cs ContextCorePromotionReviewControlRoomTests.cs ContextCoreRelationExpansionShadowEvalTests.cs ContextCoreRelationGraphValidationTests.cs ContextCoreRelationMigrationTests.cs ContextCoreRelationStateSingleSourceTests.cs ContextCoreRetrievalDatasetAlignmentAuditTests.cs ContextCoreRetrievalDatasetV2MetadataContractTests.cs ContextCoreRunbookTests.cs ContextCoreRuntimeFeatureDerivationFailureFreezeTests.cs ContextCoreScopedShadowAdapterTests.cs ContextCoreServiceSmokeTests.cs ContextCoreShadowFormalRetrievalAdapterTests.cs ContextCoreShortTermMemoryCompactionTests.cs ContextCoreShortTermPromotionCandidateTests.cs ContextCoreStableMemoryGovernanceTests.cs ContextCoreStableReviewCandidateTests.cs ContextCoreTraceConcurrencyTests.cs ContextCoreVectorIndexFoundationTests.cs ContextCoreVectorLifecycleMetadataReviewCandidateTests.cs DecisionEvidenceContractTests.cs EvalSubcommandRegistryTests.cs FileSystemRelationStoreContractTests.cs FileSystemStoreConcurrencyTests.cs InMemoryRelationStoreContractTests.cs RelationStoreContractBase.cs RouterIntentDatasetProviderTests.cs StorageProviderBehaviorContractTests.cs StorageProviderCapabilityMatrixTests.cs StorageProviderRegistrationTests.cs TestRepoFileResolver.cs C:\Users\Ye_Luo\.nuget\packages\microsoft.net.test.sdk\17.10.0-preview-24080-01\build\netcoreapp3.1\Microsoft.NET.Test.Sdk.Program.cs obj\Debug\net10.0\ContextCore.Tests.GlobalUsings.g.cs "obj\Debug\net10.0\.NETCoreApp,Version=v10.0.AssemblyAttributes.cs" obj\Debug\net10.0\ContextCore.Tests.AssemblyInfo.cs /warnaserror+:NU1605,SYSLIB0011'
         Attempt to open named pipe 'xC29aaqtRERPz_WkP9veZndUbHYwPxqjL9S4pYHC05s'
         Attempt to connect named pipe 'xC29aaqtRERPz_WkP9veZndUbHYwPxqjL9S4pYHC05s'
         Named pipe 'xC29aaqtRERPz_WkP9veZndUbHYwPxqjL9S4pYHC05s' connected
         Begin writing request for ContextCore.Tests (net10.0)
         End writing request for ContextCore.Tests (net10.0)
         Begin reading response for ContextCore.Tests (net10.0)
    15>_CopyOutOfDateSourceItemsToOutputDirectory:
       正在部分生成目标“_CopyOutOfDateSourceItemsToOutputDirectory”，因为某些输出文件相对于其输入文件而言已经过期。
         正在将文件从“D:\Users\Ye_Luo\AppData\Local\Context\tests\ContextCore.Service.Tests\obj\Debug\net10.0\MvcTestingAppManifest.json”复制到“D:\Users\Ye_Luo\AppData\Local\Context\tests\ContextCore.Service.Tests\bin\Debug\net10.0\MvcTestingAppManifest.json”。
       GenerateBuildDependencyFile:
       正在跳过目标“GenerateBuildDependencyFile”，因为所有输出文件相对于输入文件而言都是最新的。
       GenerateBuildRuntimeConfigurationFiles:
       正在跳过目标“GenerateBuildRuntimeConfigurationFiles”，因为所有输出文件相对于输入文件而言都是最新的。
       CopyFilesToOutputDirectory:
         ContextCore.Service.Tests -> D:\Users\Ye_Luo\AppData\Local\Context\tests\ContextCore.Service.Tests\bin\Debug\net10.0\ContextCore.Service.Tests.dll
       _MvcCopyDependencyFiles:
         正在将文件从“D:\Users\Ye_Luo\AppData\Local\Context\src\ContextCore.Abstractions\bin\Debug\net10.0\ContextCore.Abstractions.deps.json”复制到“D:\Users\Ye_Luo\AppData\Local\Context\tests\ContextCore.Service.Tests\bin\Debug\net10.0\ContextCore.Abstractions.deps.json”。
         正在将文件从“D:\Users\Ye_Luo\AppData\Local\Context\src\ContextCore.Client\bin\Debug\net10.0\ContextCore.Client.deps.json”复制到“D:\Users\Ye_Luo\AppData\Local\Context\tests\ContextCore.Service.Tests\bin\Debug\net10.0\ContextCore.Client.deps.json”。
         正在将文件从“D:\Users\Ye_Luo\AppData\Local\Context\src\ContextCore.ControlRoom\bin\Debug\net10.0\ContextCore.ControlRoom.deps.json”复制到“D:\Users\Ye_Luo\AppData\Local\Context\tests\ContextCore.Service.Tests\bin\Debug\net10.0\ContextCore.ControlRoom.deps.json”。
         正在将文件从“D:\Users\Ye_Luo\AppData\Local\Context\src\ContextCore.Core\bin\Debug\net10.0\ContextCore.Core.deps.json”复制到“D:\Users\Ye_Luo\AppData\Local\Context\tests\ContextCore.Service.Tests\bin\Debug\net10.0\ContextCore.Core.deps.json”。
         正在将文件从“D:\Users\Ye_Luo\AppData\Local\Context\src\ContextCore.Embedding\bin\Debug\net10.0\ContextCore.Embedding.deps.json”复制到“D:\Users\Ye_Luo\AppData\Local\Context\tests\ContextCore.Service.Tests\bin\Debug\net10.0\ContextCore.Embedding.deps.json”。
         正在将文件从“D:\Users\Ye_Luo\AppData\Local\Context\src\ContextCore.ModelGateway\bin\Debug\net10.0\ContextCore.ModelGateway.deps.json”复制到“D:\Users\Ye_Luo\AppData\Local\Context\tests\ContextCore.Service.Tests\bin\Debug\net10.0\ContextCore.ModelGateway.deps.json”。
         正在将文件从“D:\Users\Ye_Luo\AppData\Local\Context\src\ContextCore.Runtime\bin\Debug\net10.0\ContextCore.Runtime.deps.json”复制到“D:\Users\Ye_Luo\AppData\Local\Context\tests\ContextCore.Service.Tests\bin\Debug\net10.0\ContextCore.Runtime.deps.json”。
         正在将文件从“D:\Users\Ye_Luo\AppData\Local\Context\src\ContextCore.Service\bin\Debug\net10.0\ContextCore.Service.deps.json”复制到“D:\Users\Ye_Luo\AppData\Local\Context\tests\ContextCore.Service.Tests\bin\Debug\net10.0\ContextCore.Service.deps.json”。
         正在将文件从“D:\Users\Ye_Luo\AppData\Local\Context\src\ContextCore.Storage.FileSystem\bin\Debug\net10.0\ContextCore.Storage.FileSystem.deps.json”复制到“D:\Users\Ye_Luo\AppData\Local\Context\tests\ContextCore.Service.Tests\bin\Debug\net10.0\ContextCore.Storage.FileSystem.deps.json”。
         正在将文件从“D:\Users\Ye_Luo\AppData\Local\Context\src\ContextCore.Storage.InMemory\bin\Debug\net10.0\ContextCore.Storage.InMemory.deps.json”复制到“D:\Users\Ye_Luo\AppData\Local\Context\tests\ContextCore.Service.Tests\bin\Debug\net10.0\ContextCore.Storage.InMemory.deps.json”。
         正在将文件从“D:\Users\Ye_Luo\AppData\Local\Context\src\ContextCore.Storage.Postgres\bin\Debug\net10.0\ContextCore.Storage.Postgres.deps.json”复制到“D:\Users\Ye_Luo\AppData\Local\Context\tests\ContextCore.Service.Tests\bin\Debug\net10.0\ContextCore.Storage.Postgres.deps.json”。
         正在将文件从“D:\Users\Ye_Luo\AppData\Local\Context\src\ContextCore.Storage.Shared\bin\Debug\net10.0\ContextCore.Storage.Shared.deps.json”复制到“D:\Users\Ye_Luo\AppData\Local\Context\tests\ContextCore.Service.Tests\bin\Debug\net10.0\ContextCore.Storage.Shared.deps.json”。
    15>已完成生成项目“D:\Users\Ye_Luo\AppData\Local\Context\tests\ContextCore.Service.Tests\ContextCore.Service.Tests.csproj”(默认目标)的操作。
    18>CoreCompile:
         End reading response for ContextCore.Tests (net10.0)
    18>D:\Users\Ye_Luo\AppData\Local\Context\tests\ContextCore.Tests\ContextCoreRelationExpansionShadowEvalTests.cs(628,21): error CS0246: 未能找到类型或命名空间名“RelationExpansionShadowEvalRunner”(是否缺少 using 指令或程序集引用?) [D:\Users\Ye_Luo\AppData\Local\Context\tests\ContextCore.Tests\ContextCore.Tests.csproj]
         CompilerServer: server - server processed compilation - ContextCore.Tests (net10.0)
    18>已完成生成项目“D:\Users\Ye_Luo\AppData\Local\Context\tests\ContextCore.Tests\ContextCore.Tests.csproj”(默认目标)的操作 - 失败。
     1>已完成生成项目“D:\Users\Ye_Luo\AppData\Local\Context\ContextCore.sln”(默认目标)的操作 - 失败。

生成失败。

       “D:\Users\Ye_Luo\AppData\Local\Context\ContextCore.sln”(默认目标) (1) ->
       “D:\Users\Ye_Luo\AppData\Local\Context\tests\ContextCore.Tests\ContextCore.Tests.csproj”(默认目标) (18) ->
       (CoreCompile 目标) -> 
         D:\Users\Ye_Luo\AppData\Local\Context\tests\ContextCore.Tests\ContextCoreRelationExpansionShadowEvalTests.cs(628,21): error CS0246: 未能找到类型或命名空间名“RelationExpansionShadowEvalRunner”(是否缺少 using 指令或程序集引用?) [D:\Users\Ye_Luo\AppData\Local\Context\tests\ContextCore.Tests\ContextCore.Tests.csproj]

    0 个警告
    1 个错误

已用时间 00:00:01.65

